VALUE,TEMP_rec
-0.0688500628,5.00000
-0.0595195852,5.00000
-0.0458470285,5.00000
-0.0181909297,4.00000
-0.0573241189,5.00000
-0.0544733852,5.00000
-0.0596858636,5.00000
0.0197214484,5.00000
0.2769474983,6.00000
0.3478260934,6.00000
0.1379366219,6.00000
-0.0613995492,5.00000
-0.0570550039,5.00000
0.0886843428,2.00000
0.4013271928,6.00000
-0.0143707655,6.00000
0.2153944373,5.00000
0.3074792325,6.00000
0.3849675953,6.00000
0.3779718280,6.00000
0.0357647054,5.00000
0.2134687900,4.00000
0.1168113127,8.00000
-0.0003709395,7.00000
-0.0673800781,5.00000
-0.0566312261,3.00000
0.2025721222,8.00000
0.2187585533,6.00000
0.4023306668,7.00000
-0.0524330437,5.00000
-0.0609440804,5.00000
0.1675441861,5.00000
0.1510416716,7.00000
-0.0704331920,5.00000
-0.0721768737,6.00000
-0.0564795360,3.00000
0.4448848367,6.00000
0.2573337555,6.00000
-0.0596745014,6.00000
-0.0563412681,4.00000
0.1316578388,4.00000
0.2810523212,6.00000
-0.0576185845,5.00000
0.1153798178,1.00000
0.1620064080,2.00000
0.0755303577,5.00000
0.0483420528,5.00000
-0.0815286636,6.00000
0.1778333187,6.00000
0.0214806292,6.00000
-0.0548126735,6.00000
0.2723187804,6.00000
0.2017561197,5.00000
-0.0717099085,5.00000
0.2030512541,7.00000
0.1601521969,6.00000
-0.0414369181,5.00000
0.0842503607,7.00000
0.1706096977,7.00000
0.1007909849,4.00000
0.1225750223,5.00000
0.2939560413,7.00000
0.0749666318,2.00000
0.0914759189,8.00000
0.3487928510,5.00000
0.1011663750,6.00000
-0.0644042119,6.00000
0.1289635748,6.00000
0.0824132860,7.00000
-0.0777720734,5.00000
0.1425957084,7.00000
-0.0541529246,6.00000
0.4328948855,7.00000
0.4059165120,6.00000
0.1025040522,7.00000
-0.0752973929,6.00000
0.1840243787,8.00000
-0.0510873087,5.00000
-0.0908345059,6.00000
0.4084702730,6.00000
0.2153675258,4.00000
-0.0386132449,6.00000
0.0987341776,9.00000
-0.0565422252,6.00000
0.2490281761,7.00000
0.2234793752,9.00000
0.0435313880,5.00000
0.1941859573,8.00000
0.1892311871,5.00000
-0.0518760197,6.00000
0.0919989571,7.00000
0.4677282870,7.00000
-0.0961802155,5.00000
0.1779493094,8.00000
0.1310603172,8.00000
0.4644312859,6.00000
0.2395298481,8.00000
-0.0514502265,4.00000
0.3665705621,7.00000
0.1487481594,7.00000
0.4098400772,8.00000
0.0887573957,1.00000
0.0975693911,1.00000
0.1232154816,8.00000
0.1796316653,8.00000
-0.0696613416,7.00000
0.1219718307,6.00000
0.1699392647,8.00000
0.2110696435,8.00000
0.1696566492,9.00000
-0.0441964790,6.00000
-0.0435911156,5.00000
0.2207314521,4.00000
-0.0538757555,6.00000
0.4528153539,7.00000
0.4405414760,6.00000
0.1977731287,8.00000
0.4719759226,8.00000
0.1805736422,7.00000
0.4122588932,6.00000
-0.0661111698,6.00000
0.4562324583,8.00000
-0.0874520242,6.00000
0.3522342742,8.00000
0.4843192101,8.00000
0.0955729261,8.00000
0.1001525596,8.00000
0.0571876615,6.00000
0.0047709434,6.00000
-0.0531754307,6.00000
-0.0635484904,6.00000
0.5092679858,7.00000
0.1646229923,10.00000
-0.0498828255,5.00000
0.0136663727,7.00000
-0.0733141378,6.00000
-0.0720261931,6.00000
0.1671436280,10.00000
-0.0840374678,6.00000
0.3203534186,6.00000
0.1396192759,11.00000
0.4143087566,6.00000
0.4029777348,6.00000
0.0781824961,8.00000
0.4738756120,6.00000
0.1850713193,10.00000
0.1674029827,9.00000
0.4014816880,6.00000
0.4511311948,6.00000
0.2959289253,7.00000
0.2758872807,8.00000
0.1297853589,8.00000
0.1515462398,10.00000
0.4570800960,6.00000
0.1002209261,7.00000
0.0762469247,12.00000
0.4063379168,5.00000
0.1028535068,7.00000
0.4304538369,6.00000
0.1239015609,8.00000
0.1316915601,10.00000
0.1680853069,10.00000
0.0711240545,5.00000
0.3443486989,6.00000
0.4337719977,7.00000
0.2100283504,11.00000
0.1833134443,6.00000
0.4524867833,6.00000
-0.0904120058,6.00000
0.1297512949,10.00000
0.2170046419,12.00000
0.1322229505,10.00000
0.1302896738,8.00000
0.1528011411,11.00000
0.1251396984,4.00000
0.0754908100,9.00000
-0.0673076957,6.00000
-0.0481365621,6.00000
0.3413610160,7.00000
-0.0933381245,6.00000
0.0993091911,11.00000
0.1947496831,10.00000
0.1069770902,10.00000
0.2098153383,6.00000
0.0564799346,6.00000
-0.0695897713,6.00000
0.3446466029,8.00000
-0.0890470818,5.00000
-0.0889822021,5.00000
0.0400656797,12.00000
0.1064532101,12.00000
0.1499006003,10.00000
0.1189304739,9.00000
0.2418101579,10.00000
0.1065226495,8.00000
-0.0865694284,5.00000
0.2548662126,6.00000
0.1298727393,5.00000
0.1239077747,8.00000
-0.0947454050,5.00000
0.1828324050,9.00000
0.0490714647,6.00000
0.1399931312,9.00000
0.1093510091,10.00000
0.3480094373,7.00000
0.2945623398,6.00000
0.1377272457,6.00000
0.0084129851,5.00000
0.3356244266,10.00000
0.1013354287,8.00000
0.1311976314,5.00000
0.3864038587,7.00000
0.4671344161,6.00000
0.3358955085,6.00000
0.2075862884,8.00000
0.1566488594,8.00000
0.0182894971,4.00000
0.0702649206,11.00000
0.4269333184,9.00000
0.5282089710,8.00000
0.1189374551,6.00000
0.2264784127,5.00000
-0.0931978524,7.00000
-0.0473283865,5.00000
0.1248112246,12.00000
0.1621917933,7.00000
0.1122263074,8.00000
0.2341777831,11.00000
0.5692456365,7.00000
0.3751248717,7.00000
0.1809050441,5.00000
0.2232531458,4.00000
-0.1151719391,5.00000
0.3710090518,7.00000
0.4337668419,6.00000
0.4236326814,6.00000
0.0772296935,7.00000
0.1799149960,12.00000
0.4293859005,6.00000
0.1537652314,6.00000
0.2803767919,5.00000
0.2572392821,5.00000
0.1603208929,5.00000
0.1947643906,6.00000
0.2229887098,4.00000
0.1190886945,3.00000
0.0231884066,6.00000
0.0490962490,4.00000
0.1467977911,12.00000
0.1588950902,12.00000
0.1261603534,7.00000
0.1863337159,12.00000
0.1923305690,6.00000
0.3950178027,6.00000
0.4384673834,7.00000
0.4544725716,7.00000
0.1628849804,12.00000
0.0902961046,12.00000
0.0600155070,5.00000
0.2518756688,6.00000
0.4467605352,6.00000
0.2016640306,5.00000
0.1064288840,12.00000
0.1144817322,12.00000
0.1875565350,11.00000
0.3851565123,7.00000
0.4035028815,6.00000
0.0798854604,7.00000
0.1312966943,6.00000
0.0296380371,6.00000
0.0880746171,8.00000
0.0108038643,8.00000
-0.0015163003,7.00000
0.0282553285,5.00000
-0.0545043759,5.00000
0.1963836253,12.00000
0.1095946953,3.00000
0.4262503982,6.00000
0.1623699069,12.00000
0.1338890195,6.00000
0.2061979473,9.00000
0.0948968902,7.00000
0.2978630066,6.00000
0.4580999315,6.00000
0.1305017173,12.00000
0.0967871100,8.00000
0.1727264821,11.00000
0.4298705161,6.00000
0.4735542834,6.00000
0.1089993119,7.00000
0.4480925500,7.00000
0.4566943943,7.00000
-0.0453475416,5.00000
0.4025878012,6.00000
-0.0908878744,5.00000
0.0624551326,2.00000
0.0948157758,7.00000
0.0692885220,12.00000
0.2585051954,6.00000
0.4408781827,6.00000
0.4802596271,6.00000
-0.0418318510,5.00000
0.1813823134,10.00000
0.1645628214,12.00000
0.0967801958,6.00000
0.0937681347,6.00000
0.3593438566,6.00000
0.4079052508,5.00000
0.4213624895,6.00000
0.4104610980,6.00000
0.4791145921,6.00000
0.1368683726,10.00000
0.1426178515,11.00000
0.3031289577,5.00000
0.1144430265,6.00000
0.1036859974,6.00000
0.4007496834,6.00000
0.5009759069,6.00000
0.1271039546,12.00000
0.3127821386,12.00000
0.1327273250,12.00000
0.4165976942,6.00000
0.1552954763,8.00000
0.2033638656,12.00000
0.1438694745,4.00000
0.3074683845,3.00000
0.4819548726,8.00000
-0.0528373085,6.00000
0.0016677210,5.00000
0.0312518105,6.00000
0.4664763510,6.00000
0.2872103751,6.00000
-0.0848304480,4.00000
0.0464747027,5.00000
0.1614681333,12.00000
0.2187146843,11.00000
0.0984353423,4.00000
0.0976257995,8.00000
0.4098082781,3.00000
-0.0252600294,7.00000
0.4677054286,6.00000
0.3694278002,5.00000
0.3151636124,8.00000
0.4179514051,6.00000
0.2081064284,12.00000
0.2448617965,11.00000
0.5150004625,8.00000
0.1440661401,10.00000
0.3701419234,6.00000
0.1960910410,11.00000
0.2939537764,11.00000
0.1332973987,11.00000
0.0908757374,10.00000
0.1203438416,11.00000
0.4706554413,6.00000
0.1781566143,11.00000
0.1996215731,10.00000
0.0904817879,8.00000
0.1453555971,11.00000
0.1607530564,11.00000
0.0857115835,11.00000
0.1742127538,12.00000
0.5015740395,8.00000
-0.0772881731,5.00000
0.1449444890,9.00000
0.1998255998,6.00000
0.1097407117,9.00000
0.2395327091,10.00000
0.1794307232,6.00000
0.2611581385,3.00000
-0.0831916556,5.00000
-0.0875538960,5.00000
0.1402875632,12.00000
0.5176196694,8.00000
0.3712852895,6.00000
0.2212057710,12.00000
0.1276415885,11.00000
0.2957153916,9.00000
0.1290690154,4.00000
0.1111606360,4.00000
-0.0825329274,5.00000
0.1652026921,12.00000
0.1820013076,12.00000
0.2505878806,11.00000
0.2077787221,10.00000
0.1052168384,11.00000
0.4161711037,8.00000
0.0509836897,11.00000
0.1050799116,12.00000
0.4403229356,7.00000
0.3202802837,6.00000
0.1294748634,8.00000
0.1939023286,12.00000
0.3462525606,10.00000
0.2460249513,4.00000
0.1305441111,3.00000
0.1660620719,9.00000
0.4395998120,8.00000
0.1824211180,6.00000
0.2028127760,4.00000
0.1729814857,12.00000
0.2137677967,11.00000
0.1247707605,11.00000
0.3105902076,8.00000
0.0423608832,8.00000
0.1720513105,11.00000
0.2364875525,11.00000
-0.0186236650,6.00000
0.1755249500,12.00000
0.1077863425,12.00000
0.3678434491,11.00000
0.2902511358,8.00000
0.1547071636,12.00000
-0.0082209492,13.00000
0.1434335262,11.00000
0.0551745631,10.00000
0.1473986506,6.00000
0.1346218884,8.00000
0.0417369306,6.00000
0.4024115503,6.00000
0.2127923220,9.00000
0.1383194923,8.00000
0.1647651494,9.00000
0.1624721140,8.00000
0.0839428008,8.00000
0.3929022253,10.00000
0.3285896182,11.00000
0.2231998444,10.00000
0.2019290775,5.00000
0.3066639304,6.00000
0.3747763932,5.00000
0.3321838677,11.00000
0.1665588170,12.00000
0.0750873387,10.00000
0.1493733078,8.00000
0.0722561777,10.00000
-0.0811230615,6.00000
0.1547414958,12.00000
0.1240425035,12.00000
0.1097162515,10.00000
0.1647657454,5.00000
0.1578470767,12.00000
0.1293448061,10.00000
0.1125032604,10.00000
0.1844972968,5.00000
0.2146998346,12.00000
0.3193101883,6.00000
0.3889905810,6.00000
0.1273455769,8.00000
0.1210601330,9.00000
0.1422555745,2.00000
0.4050890505,6.00000
0.3958145082,6.00000
0.1522505134,12.00000
0.1623789519,11.00000
0.2265851200,11.00000
0.2833949029,11.00000
0.2932215631,12.00000
0.2247903794,12.00000
0.4077361226,8.00000
0.2122669816,12.00000
0.1457618624,12.00000
0.1549502909,8.00000
0.2012578547,12.00000
0.0944467261,7.00000
-0.0640544891,4.00000
0.2689659893,12.00000
0.1955679804,13.00000
0.1137577891,9.00000
0.0750567690,10.00000
0.3186410963,11.00000
-0.0208476521,6.00000
0.1445830911,8.00000
0.1701073050,8.00000
0.4513001740,6.00000
0.4709968567,6.00000
0.1366596967,9.00000
0.1598949879,10.00000
0.1355304569,11.00000
0.1570936441,13.00000
0.1519700885,13.00000
0.3064242303,12.00000
0.4889478385,6.00000
0.2323613614,12.00000
0.1540496945,12.00000
0.1313406080,9.00000
0.2121379525,14.00000
0.2895554006,12.00000
0.2725678086,12.00000
0.4663543701,5.00000
0.3840290904,6.00000
0.4499812424,6.00000
0.2003978789,11.00000
0.2233267426,12.00000
0.0855913162,11.00000
0.1032825336,7.00000
0.1664323211,12.00000
0.2321327329,9.00000
0.1796834171,11.00000
0.2099692971,12.00000
0.2539657354,12.00000
0.4884347916,7.00000
0.4794040918,6.00000
0.2001743615,13.00000
0.1839314848,13.00000
0.1498732716,9.00000
0.5012846589,6.00000
0.4897440374,6.00000
0.3931258619,8.00000
0.1376866549,8.00000
-0.0856129080,5.00000
0.2492821813,12.00000
0.1478483230,10.00000
0.0961256176,9.00000
0.1443061531,7.00000
0.1530347616,12.00000
0.1685378849,13.00000
0.1525787115,10.00000
0.2269020379,12.00000
0.1553180814,11.00000
0.2041575760,12.00000
0.1703333706,12.00000
0.1872126311,13.00000
0.1318358779,8.00000
0.1934753358,10.00000
0.2846032083,10.00000
0.2312273830,11.00000
0.5118730664,8.00000
0.4687801599,6.00000
0.2143126130,10.00000
0.1887327433,13.00000
0.1685510874,10.00000
0.1548376530,8.00000
-0.0927718356,7.00000
0.2038761228,13.00000
0.1305674166,9.00000
0.1144929603,10.00000
0.1611095816,8.00000
0.1463476569,12.00000
0.1450872570,12.00000
0.1916345954,11.00000
0.1610855162,9.00000
0.1627511680,11.00000
0.4463042021,6.00000
0.1302452981,9.00000
0.4620584249,6.00000
0.0297691803,8.00000
0.1985376030,11.00000
0.1268249303,12.00000
0.2401219755,14.00000
0.3729581237,10.00000
0.1728756875,12.00000
0.1469494253,12.00000
0.1490918994,12.00000
0.1370294839,12.00000
0.1558126360,12.00000
0.0857026801,11.00000
0.1240856648,11.00000
0.1247886047,11.00000
0.1540318429,12.00000
0.3041927516,9.00000
0.2572937608,11.00000
0.0132763200,6.00000
0.0005142521,6.00000
0.2040902674,11.00000
0.1160411537,12.00000
0.4357039034,6.00000
0.4572875798,7.00000
0.1374545842,11.00000
0.1478318423,11.00000
0.0584566519,11.00000
0.1371997595,8.00000
0.1807197779,12.00000
0.1874316335,11.00000
0.0292028952,5.00000
0.0147317918,5.00000
0.2211441696,11.00000
0.1261491477,11.00000
0.1794124246,12.00000
0.2035381645,13.00000
0.1233794019,8.00000
0.3522422314,8.00000
0.4282351136,7.00000
0.4586227834,6.00000
0.0782884285,10.00000
0.2358786315,11.00000
0.1618383229,11.00000
0.0496081039,12.00000
0.1069317982,9.00000
0.0866482407,11.00000
0.2008820772,11.00000
0.1972765774,12.00000
0.2296139449,12.00000
0.1716515720,13.00000
0.1464517713,12.00000
0.1486612260,14.00000
0.1144050956,12.00000
0.1723960340,12.00000
0.1434735656,10.00000
0.1491995454,10.00000
0.1380904764,9.00000
0.1309054792,11.00000
0.1105762497,12.00000
0.1791009754,12.00000
0.1713615954,13.00000
0.1513652802,12.00000
-0.0971599370,5.00000
0.0359035842,14.00000
0.1285954863,12.00000
0.1331888288,12.00000
0.1662802398,12.00000
0.1855533421,12.00000
0.1372983307,10.00000
0.4566109180,6.00000
0.2376784831,12.00000
0.0893085897,11.00000
0.1601466686,11.00000
0.3136687875,6.00000
0.1953762472,12.00000
0.1801465899,12.00000
0.2010905743,11.00000
0.3953919411,11.00000
0.2601518333,6.00000
0.2378464639,12.00000
0.1691511720,11.00000
0.1090756208,12.00000
0.1295833141,12.00000
0.2104816735,11.00000
0.1565851271,12.00000
0.1494219303,11.00000
0.1720490307,12.00000
0.1827431768,8.00000
0.1363694072,12.00000
0.1400017738,11.00000
0.1354682744,11.00000
0.0995189771,12.00000
0.2006335110,12.00000
0.1460764557,12.00000
0.1464158297,11.00000
0.1792572439,12.00000
0.1932156384,11.00000
0.2298263460,7.00000
0.2598988414,11.00000
0.1560509503,11.00000
0.1329906583,12.00000
0.1385653764,12.00000
0.1733528674,11.00000
0.1520708650,12.00000
0.1239132658,12.00000
0.2325531244,7.00000
0.3556670546,3.00000
0.1504979432,12.00000
0.1271120608,11.00000
0.1414831132,12.00000
0.1394962817,12.00000
0.2332586199,5.00000
0.4064134359,6.00000
0.1503036767,11.00000
0.1312188208,12.00000
0.1578815728,11.00000
0.1486454159,12.00000
0.1581554860,12.00000
0.2347853482,12.00000
0.1264543086,8.00000
-0.0245356821,7.00000
0.1995416433,12.00000
0.1472648978,13.00000
0.1249202639,10.00000
0.1994985789,12.00000
0.1602846980,11.00000
0.1269773394,13.00000
0.3290309012,10.00000
0.1311660856,8.00000
0.1441542804,11.00000
0.2390576303,12.00000
0.1025375202,6.00000
0.1362850815,11.00000
0.3997166455,8.00000
0.1560723186,12.00000
0.3501952589,11.00000
0.1709432602,9.00000
0.1181847826,12.00000
0.1847422719,13.00000
0.2801694274,12.00000
0.1632591933,11.00000
0.1350348890,12.00000
0.1723220646,11.00000
0.1084981263,10.00000
0.1577838659,11.00000
0.1544740051,11.00000
0.0505646095,10.00000
0.2237854749,13.00000
0.1140060648,13.00000
0.0718024597,12.00000
0.1848578900,10.00000
0.0936274529,13.00000
0.1417754888,11.00000
0.2046332061,13.00000
0.1563347131,12.00000
0.1971118003,11.00000
0.1619451642,12.00000
0.2088862210,11.00000
0.0961307287,7.00000
0.1607487500,9.00000
0.2884636521,13.00000
0.2434077710,13.00000
0.4060219526,10.00000
0.2434988171,13.00000
0.1542820334,12.00000
0.1555297226,11.00000
0.1065400541,9.00000
0.2154713124,13.00000
0.2372930348,15.00000
0.2604169548,11.00000
0.2056302130,11.00000
0.1513513476,10.00000
0.2483397275,10.00000
0.2186150551,12.00000
0.2872340381,11.00000
0.2654902637,11.00000
0.1248566583,8.00000
0.1402946860,12.00000
0.2105216086,11.00000
0.3413225114,10.00000
0.1078773513,7.00000
0.1766243279,12.00000
0.2310647070,13.00000
0.1995139718,12.00000
0.4820165634,9.00000
0.1787079573,12.00000
0.1787837744,9.00000
0.3272524178,8.00000
0.3091903329,12.00000
0.1339373141,12.00000
0.1546527296,12.00000
0.1486206353,12.00000
0.1529146582,6.00000
0.1760012507,12.00000
0.4091849625,12.00000
0.5416885614,8.00000
0.1730409861,12.00000
0.2596089840,11.00000
0.2387138754,11.00000
0.1350053400,11.00000
0.1473677754,12.00000
0.1124680862,12.00000
0.0697425902,11.00000
0.1264838129,3.00000
0.1625627428,6.00000
0.2128908932,12.00000
0.2484619617,13.00000
0.1276126653,11.00000
0.1875066310,10.00000
0.1785064936,11.00000
0.0863309354,10.00000
0.1054314971,9.00000
0.0893917382,4.00000
0.0969491228,5.00000
0.1732446849,11.00000
0.2348308116,11.00000
0.1241399720,11.00000
0.1213132516,12.00000
0.2636246383,11.00000
0.0632773116,10.00000
0.1420250088,8.00000
0.0902614892,7.00000
0.2327890843,14.00000
0.4620985687,8.00000
0.1238738745,10.00000
0.2322861701,12.00000
0.3637731373,9.00000
0.2057629973,11.00000
0.1685143411,11.00000
0.2320296168,11.00000
0.3344742954,10.00000
0.2393132597,11.00000
0.1207907721,12.00000
0.1085097790,5.00000
0.1546257883,8.00000
0.1367414445,5.00000
0.2613428831,13.00000
0.1483405083,11.00000
0.1489469558,11.00000
0.3138318658,11.00000
0.2093830705,12.00000
0.2082111388,12.00000
0.1295659095,10.00000
0.2085166126,12.00000
0.1114782170,7.00000
0.1765148640,12.00000
0.3942172229,10.00000
0.2614144683,10.00000
0.1190589964,3.00000
0.1178426072,9.00000
0.1379902512,14.00000
0.3510014415,8.00000
0.1994583160,11.00000
0.1513975859,12.00000
0.0431728475,12.00000
0.1229264438,11.00000
0.1476623416,12.00000
0.1458238661,12.00000
0.1299509555,12.00000
0.2049840093,12.00000
0.0596480593,13.00000
0.0644280761,10.00000
0.2189573497,13.00000
0.4070963562,10.00000
0.1939653754,12.00000
0.1697446257,12.00000
0.2571204901,10.00000
0.1744803637,13.00000
0.2760178149,11.00000
0.2111621648,11.00000
0.1297523826,12.00000
0.1622413695,12.00000
0.1648900807,11.00000
0.1050096303,3.00000
0.2513162494,13.00000
0.1619084924,13.00000
0.2430506498,12.00000
0.4415738881,8.00000
0.1564012617,12.00000
0.3151239753,9.00000
0.2610385716,11.00000
0.1258660555,3.00000
0.0826339871,5.00000
0.0918632969,8.00000
0.1709167510,13.00000
0.1766990274,13.00000
0.1694839597,15.00000
0.1687027216,12.00000
0.3782712519,11.00000
0.1560498327,11.00000
0.1948989183,11.00000
0.2193269581,12.00000
0.2282589674,11.00000
0.1714612246,12.00000
0.1706484705,9.00000
0.1441197842,15.00000
0.1804250032,12.00000
0.1925074011,11.00000
0.1111184806,11.00000
0.1898661405,11.00000
0.2000647038,11.00000
0.1976344883,12.00000
0.1620418727,13.00000
0.1416829526,13.00000
0.2490409464,12.00000
0.1078865007,11.00000
0.1090447381,8.00000
0.1416576207,10.00000
0.1718421429,12.00000
0.2064859420,12.00000
0.1367010027,15.00000
0.2135133594,12.00000
0.2996933460,11.00000
0.2303586304,12.00000
0.3528837562,11.00000
0.3207859695,11.00000
0.1480498761,12.00000
0.2501693964,12.00000
0.1563182771,12.00000
0.1867953390,11.00000
0.1746676862,12.00000
0.1609208733,13.00000
0.1937029064,13.00000
0.1308399439,4.00000
0.2611104846,4.00000
0.1474885344,11.00000
0.2039213180,12.00000
0.1520371437,12.00000
0.1555369943,12.00000
0.2949367464,11.00000
0.2167919427,13.00000
0.1439166218,12.00000
0.1467488408,12.00000
0.1845762581,13.00000
0.3169883192,11.00000
0.2205850035,13.00000
0.2139020115,11.00000
0.1610167027,12.00000
0.0845596790,11.00000
0.0687120110,11.00000
0.1865162849,12.00000
0.3908006251,11.00000
0.3233001530,12.00000
0.2986321151,12.00000
0.2845717072,11.00000
0.1692919135,11.00000
0.1356085539,11.00000
0.0530433245,10.00000
0.2291625291,13.00000
0.2299704254,11.00000
0.1675742120,11.00000
0.1957850009,11.00000
0.1828798950,12.00000
0.1158937439,13.00000
0.1566679329,12.00000
0.4136139751,10.00000
0.1776759922,12.00000
0.1827673614,11.00000
0.0814966708,10.00000
0.1484021843,13.00000
0.1652868986,12.00000
0.3127607405,10.00000
0.2295067012,12.00000
0.2427803129,13.00000
0.1134936735,12.00000
0.3240402639,11.00000
0.1732682884,11.00000
0.1431057453,12.00000
0.2027205080,12.00000
0.1320881546,12.00000
0.1460667551,12.00000
0.3401669562,12.00000
0.1566320658,11.00000
0.3677463531,9.00000
0.2209443748,13.00000
0.1523860842,12.00000
0.1646896452,13.00000
0.1714199036,11.00000
0.2185609341,11.00000
0.1751968563,12.00000
0.2173795849,12.00000
0.1465018839,12.00000
0.1380615234,12.00000
0.1309217662,13.00000
0.0795419216,11.00000
0.1294223070,12.00000
0.1752939373,11.00000
0.2113190889,12.00000
0.1172766537,11.00000
0.2097551227,11.00000
0.1566287279,12.00000
0.3520086706,10.00000
0.2647565007,12.00000
0.1495545655,12.00000
0.1603137106,10.00000
0.1574840397,10.00000
0.1610007882,11.00000
0.1180468872,12.00000
0.3458711207,10.00000
0.1657658815,11.00000
0.1631711721,12.00000
0.1121414229,11.00000
0.1668880880,13.00000
0.1367271841,12.00000
0.2120001316,13.00000
0.1163809449,11.00000
0.0352687910,12.00000
0.1167368442,9.00000
0.1214551777,7.00000
0.1362727881,7.00000
0.3467216790,11.00000
0.1646411270,12.00000
0.1304939687,13.00000
0.2559726834,12.00000
0.2843965292,11.00000
0.2247597277,12.00000
0.1326591968,12.00000
0.1244188175,12.00000
0.3393916786,11.00000
0.0825043097,10.00000
0.2107626200,11.00000
0.1392233521,11.00000
0.1295632571,12.00000
0.1741675139,12.00000
0.4281244874,10.00000
0.1405393481,12.00000
0.1288727671,12.00000
0.1462530941,12.00000
0.2751176357,11.00000
0.1556110382,13.00000
0.1436299533,11.00000
0.2049436718,11.00000
0.1022908091,13.00000
0.2568083107,13.00000
0.1355730444,11.00000
0.1720679998,10.00000
0.1316092014,12.00000
0.1470692605,12.00000
0.2109983861,12.00000
0.2196646184,11.00000
0.2108362764,12.00000
0.1369311065,12.00000
0.1404845864,12.00000
0.1387236565,13.00000
0.3181882501,10.00000
0.0259482916,10.00000
0.2207146734,12.00000
0.1338322014,12.00000
0.2235579342,12.00000
0.2199700177,13.00000
0.1636235565,13.00000
0.1067583263,11.00000
0.1464449316,11.00000
0.0811862946,12.00000
0.2310207784,13.00000
0.1203768998,13.00000
0.2285278887,14.00000
0.3304000199,11.00000
0.4230676293,10.00000
0.1267134696,12.00000
0.1419690847,12.00000
0.1612296403,11.00000
0.3339702487,10.00000
0.2323397547,12.00000
0.1599153429,12.00000
0.1399062127,11.00000
0.1794683337,11.00000
0.1662153155,13.00000
0.1852467060,12.00000
0.1466731280,12.00000
0.1554071754,12.00000
0.1568641365,7.00000
0.1380734593,5.00000
0.0910259634,12.00000
0.1168472916,12.00000
0.1735920459,12.00000
0.1295218766,13.00000
0.1300911903,11.00000
0.1042431071,6.00000
0.1857491434,13.00000
0.1584268659,13.00000
0.1612045765,12.00000
0.1556923091,11.00000
0.2206688374,12.00000
0.1393736154,11.00000
0.1671948582,12.00000
0.2111521065,12.00000
0.1181102395,12.00000
0.1974587143,12.00000
0.1816497296,13.00000
0.3109821975,13.00000
0.2677735090,9.00000
0.1407053024,10.00000
0.1382371038,13.00000
0.4207653999,11.00000
0.1660945713,12.00000
0.2512060106,12.00000
0.1531812698,12.00000
0.1664070189,13.00000
0.0235432237,10.00000
0.1516066492,4.00000
0.3350695372,12.00000
0.2848689854,12.00000
0.2791479528,12.00000
0.2004092932,5.00000
0.1836572737,9.00000
0.2834846675,12.00000
0.2982322872,12.00000
0.2291493118,11.00000
0.2433510274,11.00000
0.2015778571,10.00000
0.1618527025,10.00000
0.1261913478,12.00000
0.0889200568,12.00000
0.1465010196,8.00000
0.1183102876,10.00000
0.5087851882,10.00000
0.2280121148,12.00000
0.1550969034,13.00000
0.1650665402,13.00000
0.0638933107,9.00000
0.1740305871,8.00000
0.1539127082,13.00000
0.0742857158,11.00000
0.1587857455,12.00000
0.2197934538,11.00000
0.0926551595,13.00000
0.1880465150,12.00000
0.1682774127,12.00000
0.4906268120,11.00000
0.1543807387,12.00000
0.1607550085,12.00000
0.2088634074,12.00000
0.2172324210,10.00000
0.1591650695,8.00000
0.2200343758,12.00000
0.1942437291,12.00000
0.1846163422,12.00000
0.1524192095,13.00000
0.2202627361,12.00000
0.3251680434,10.00000
0.3275370598,11.00000
0.3450704217,12.00000
0.2310920358,11.00000
0.1991097182,12.00000
0.2139642835,13.00000
0.3876882791,10.00000
0.1746693253,13.00000
0.1535159946,8.00000
0.2225739956,11.00000
0.1767689735,12.00000
0.3937936127,11.00000
0.1831143796,12.00000
0.1742882580,12.00000
0.1498277187,12.00000
0.2550616860,12.00000
0.1489050537,8.00000
0.1278655380,12.00000
0.2713396847,12.00000
0.2596508861,12.00000
0.2536171079,11.00000
0.2769770324,12.00000
0.5131122470,9.00000
0.2329851389,11.00000
0.4113033414,11.00000
0.1477057487,12.00000
0.1485768855,9.00000
0.1384093910,12.00000
0.2630939484,11.00000
0.5010354519,9.00000
0.1387484074,11.00000
0.1898961514,10.00000
0.3750441372,11.00000
0.2069691271,9.00000
0.3617081344,10.00000
0.2056417316,12.00000
0.2110076249,12.00000
0.1447837204,12.00000
0.1509342939,12.00000
0.3341744244,10.00000
0.2477894574,10.00000
0.1826231927,11.00000
0.2168550938,8.00000
0.2156900167,13.00000
0.3711619675,11.00000
0.1508593261,8.00000
0.1792212278,10.00000
0.2476271391,11.00000
0.1363624930,8.00000
0.0731531531,11.00000
0.4257316887,9.00000
0.2140981257,12.00000
0.4776450694,10.00000
0.3129787743,11.00000
0.3009430170,12.00000
0.4588873684,9.00000
0.2351296097,12.00000
0.1703552753,10.00000
0.1719018072,11.00000
0.1258479357,11.00000
0.2150736749,13.00000
0.2404660433,8.00000
0.3024441004,11.00000
0.1972503513,10.00000
0.2871565819,10.00000
0.2708687186,12.00000
0.2356587797,10.00000
0.1337205172,7.00000
0.1285305470,8.00000
0.1891921163,9.00000
0.1695493162,13.00000
0.1650929451,13.00000
0.2811990976,11.00000
0.4586043656,8.00000
0.3338630199,10.00000
0.2027692795,11.00000
0.1458926499,8.00000
0.1842048913,10.00000
0.1689214110,11.00000
0.1263075471,6.00000
0.4282218814,10.00000
0.3773476183,9.00000
0.4469606578,9.00000
0.3171800673,12.00000
0.1316509992,10.00000
0.2930393219,10.00000
0.2853941619,10.00000
0.1581692547,11.00000
0.3132134378,10.00000
0.2003924996,12.00000
0.1487327814,12.00000
0.3670533299,10.00000
0.4527913332,8.00000
0.1238395870,3.00000
0.1510777026,7.00000
0.1307110637,3.00000
0.3018220663,10.00000
0.1368186325,6.00000
0.1263427287,3.00000
0.1293651611,2.00000
0.4367707670,9.00000
0.1464379579,10.00000
0.2895477712,10.00000
0.1837449372,12.00000
0.4722631574,8.00000
0.0988398120,8.00000
0.4358421862,9.00000
0.1859989464,12.00000
0.2465491444,8.00000
0.4126898646,10.00000
0.2762476504,10.00000
0.3612367213,9.00000
0.1537759006,4.00000
0.3636106253,9.00000
0.3536860943,11.00000
0.1766303480,13.00000
0.1620101631,9.00000
0.1788280457,9.00000
0.4572741389,9.00000
0.1181927249,10.00000
0.1584746689,6.00000
0.2806684077,12.00000
0.2183463275,8.00000
0.4163402319,10.00000
0.1959176958,8.00000
0.1373898238,8.00000
0.2963668704,7.00000
0.2546555996,12.00000
0.3683042526,10.00000
0.4243583083,9.00000
0.2057088763,7.00000
0.1568794102,9.00000
0.1421855688,8.00000
0.2211834490,6.00000
0.2349564731,9.00000
0.3521316349,6.00000
0.3812505007,8.00000
0.1665760726,7.00000
0.1831363142,9.00000
0.3105326593,13.00000
0.2677944005,7.00000
0.2941607237,9.00000
0.3155849278,7.00000
0.3365704119,10.00000
0.3033165634,10.00000
0.2624250948,9.00000
0.1895837337,5.00000
0.2115089744,8.00000
0.3548743725,10.00000
0.3579963446,12.00000
0.3544565439,10.00000
0.2974890768,10.00000
-0.0338061601,6.00000
0.1869114637,8.00000
0.3709129691,7.00000
0.3148807585,11.00000
0.2078708410,9.00000
0.3802097440,11.00000
0.1313679367,5.00000
0.2148449868,7.00000
0.2735906243,8.00000
0.3129951358,11.00000
0.4065404832,8.00000
0.4260509610,8.00000
0.3077728152,13.00000
-0.0468351208,6.00000
0.3100947142,11.00000
0.3565413952,8.00000
0.1511284858,4.00000
0.2815767527,7.00000
0.3414844572,8.00000
0.2405845523,8.00000
0.3689965308,8.00000
0.2572600842,11.00000
0.1149020195,6.00000
0.3678529859,8.00000
0.4095556736,11.00000
0.1317441612,8.00000
0.4023772776,9.00000
0.3282910883,11.00000
0.5352895260,7.00000
0.3362409174,6.00000
0.2682944238,11.00000
0.2162601650,6.00000
0.0995732024,1.00000
0.3300023675,11.00000
0.2550325394,12.00000
0.2375600487,8.00000
0.2553322017,8.00000
0.1516799182,3.00000
0.2172995061,8.00000
0.3821269572,8.00000
0.1839907169,6.00000
0.1507966816,7.00000
0.2130843401,6.00000
0.4827655256,11.00000
0.1169111580,1.00000
0.1657627076,5.00000
0.1196019575,1.00000
0.3453524709,9.00000
0.1386483312,5.00000
-0.0633970499,8.00000
0.2198888212,5.00000
0.3277991414,8.00000
0.2424905151,6.00000
0.1318210363,1.00000
0.1209129170,1.00000
0.2992367446,5.00000
0.1933349520,5.00000
0.0867314115,2.00000
0.2060258239,8.00000
0.1608972549,4.00000
0.5378096700,7.00000
0.5202831030,8.00000
0.0316677615,3.00000
0.1774607897,8.00000
0.2848111987,9.00000
0.3347729444,9.00000
0.4395608008,8.00000
0.0271623489,6.00000
0.2485215515,5.00000
0.1171119511,6.00000
0.2831222415,9.00000
0.2740173340,4.00000
0.2799263298,6.00000
0.4008257389,4.00000
0.3661943078,7.00000
0.1917094886,8.00000
0.4578736722,9.00000
0.3223775923,7.00000
0.2510855794,8.00000
0.4063065648,10.00000
