ID,NDVI,TEMPERATURA
"18",-0.0678677186,5.00000
"37",0.0105283679,5.00000
"38",-0.0682065189,5.00000
"49",-0.0537185147,5.00000
"63",-0.0630140305,5.00000
"64",-0.0461452194,5.00000
"65",-0.0618299805,5.00000
"66",-0.0527189076,5.00000
"80",-0.0458470285,5.00000
"81",-0.0722564757,5.00000
"82",-0.0528152995,5.00000
"92",-0.0573313050,4.00000
"93",-0.0795327425,5.00000
"94",-0.0041896896,5.00000
"95",0.0598165691,4.00000
"96",0.0600759871,3.00000
"105",0.0751332119,2.00000
"106",0.2992503941,6.00000
"107",-0.0539003871,5.00000
"108",-0.0542876124,5.00000
"121",0.0472930931,3.00000
"122",-0.0578015372,4.00000
"123",0.4496079385,6.00000
"124",-0.0809935853,5.00000
"125",0.0740242228,4.00000
"133",0.0578383803,3.00000
"146",0.3458656073,6.00000
"147",0.0399999991,6.00000
"156",0.3910504282,6.00000
"157",0.3008065224,6.00000
"158",0.0659834668,5.00000
"159",-0.0558450371,5.00000
"168",0.0822214857,2.00000
"169",-0.0632602051,5.00000
"170",-0.0344944373,5.00000
"171",0.3647211194,7.00000
"172",0.1695951521,7.00000
"173",0.3639560044,6.00000
"174",0.2586569786,5.00000
"175",-0.0619201958,6.00000
"193",0.3891420364,7.00000
"194",0.3819354176,7.00000
"195",0.1434456259,7.00000
"203",0.4800982773,6.00000
"204",-0.0620338358,6.00000
"214",-0.0305283554,2.00000
"215",0.2451990247,6.00000
"216",0.3142664730,8.00000
"217",0.3299263418,8.00000
"218",-0.0691302940,6.00000
"227",-0.0579432957,4.00000
"228",0.2216434181,5.00000
"229",0.4028939009,6.00000
"238",-0.0423595086,2.00000
"239",0.1449253559,6.00000
"240",0.2429361343,7.00000
"241",0.4023306668,7.00000
"242",0.4659099281,7.00000
"243",0.3397077024,8.00000
"244",-0.0660011098,6.00000
"245",-0.0735189170,6.00000
"258",0.1487308741,4.00000
"259",0.1126417443,4.00000
"260",0.1247316599,5.00000
"261",0.1318832338,7.00000
"276",-0.0561399497,5.00000
"277",0.4208410978,6.00000
"278",0.0878744200,3.00000
"279",0.1171590537,5.00000
"280",-0.0685961321,5.00000
"291",0.4180333614,6.00000
"292",0.2223992646,5.00000
"293",0.1147681028,3.00000
"294",0.2664155364,6.00000
"295",0.1995044649,6.00000
"296",0.0782608688,6.00000
"297",0.4511069655,7.00000
"298",-0.0705780238,6.00000
"306",0.4246204794,7.00000
"307",0.1942275912,5.00000
"308",0.0801813230,2.00000
"309",0.1342434883,5.00000
"310",0.3664194644,6.00000
"311",0.4532039762,8.00000
"324",-0.0742246509,5.00000
"325",0.1542387605,4.00000
"326",0.1345561892,3.00000
"327",0.1266574115,3.00000
"328",0.0636223108,5.00000
"329",0.3934344947,6.00000
"330",0.4429230690,7.00000
"331",-0.0615807138,6.00000
"340",0.2619417310,7.00000
"341",0.2324405760,6.00000
"342",0.2438866496,7.00000
"343",0.4750837982,7.00000
"344",0.1954044551,7.00000
"353",0.1608042121,8.00000
"354",0.1572922319,2.00000
"355",0.2256720364,2.00000
"356",0.0632688031,4.00000
"357",0.1301676482,4.00000
"358",-0.0548126735,6.00000
"363",0.0439405143,8.00000
"364",0.4317320585,8.00000
"367",0.0131727187,5.00000
"368",0.2030512541,7.00000
"369",0.1181078181,8.00000
"370",0.0359228440,6.00000
"371",0.3563842177,6.00000
"372",0.1601521969,6.00000
"373",0.2141170055,5.00000
"383",0.2867193222,7.00000
"384",0.2741307020,4.00000
"385",0.0030122413,8.00000
"386",-0.0777522176,6.00000
"390",0.0962435529,4.00000
"391",-0.0472440943,5.00000
"392",0.1064310148,5.00000
"393",0.0948563516,5.00000
"394",0.4561126232,7.00000
"405",0.1927109510,8.00000
"406",0.3479445875,8.00000
"417",0.3712179065,7.00000
"418",0.1449014694,5.00000
"419",0.3979739547,7.00000
"420",0.4496027827,7.00000
"421",0.3380779922,6.00000
"426",0.3634423912,6.00000
"427",0.2571069598,6.00000
"428",0.1128776818,4.00000
"429",0.0969866738,4.00000
"430",0.4622718692,6.00000
"431",-0.0661106333,6.00000
"437",0.3357083798,7.00000
"438",0.0413421802,5.00000
"439",0.1023304686,6.00000
"440",0.3850189447,6.00000
"456",0.1139855534,3.00000
"457",0.2572949529,5.00000
"458",0.4093807638,7.00000
"459",0.0934957191,3.00000
"460",0.1321889162,5.00000
"461",0.1047013700,4.00000
"462",-0.0440733284,6.00000
"463",0.0098519949,6.00000
"471",0.2147664130,5.00000
"472",0.3131679594,7.00000
"473",-0.0063343109,6.00000
"474",-0.0365988165,5.00000
"475",-0.0559138432,6.00000
"476",-0.0748028979,6.00000
"483",0.0619322136,8.00000
"484",0.1000409797,5.00000
"485",0.4525181949,7.00000
"486",-0.0748521835,6.00000
"496",0.0018764073,4.00000
"497",0.1046416834,5.00000
"498",0.1880254447,4.00000
"499",0.0018251030,6.00000
"500",0.4084702730,6.00000
"501",-0.0667742565,6.00000
"514",0.2597638369,5.00000
"515",0.1072693467,4.00000
"516",0.0974371061,4.00000
"517",-0.0024920255,7.00000
"518",0.3499043882,6.00000
"529",0.3119894564,8.00000
"530",0.1533316821,8.00000
"531",0.0828341246,6.00000
"532",-0.0305007510,6.00000
"533",0.1465412229,7.00000
"534",0.4206487835,7.00000
"535",-0.0807345584,5.00000
"540",0.1744348109,5.00000
"541",0.0774359256,5.00000
"542",0.0778534487,6.00000
"543",0.1675489247,8.00000
"544",0.1024686247,1.00000
"545",0.0873264670,2.00000
"546",0.1155258194,4.00000
"547",-0.0012467632,5.00000
"548",-0.1005739644,6.00000
"549",0.0521999151,7.00000
"550",0.4069179893,7.00000
"551",0.4680819511,7.00000
"552",0.4674421251,7.00000
"564",0.3781672120,5.00000
"565",0.0791270584,4.00000
"566",0.0887089297,2.00000
"567",0.1871493310,4.00000
"568",0.0457825623,5.00000
"569",0.0426116511,6.00000
"570",0.4449487328,7.00000
"571",0.4508679509,7.00000
"572",0.3986194134,7.00000
"573",-0.0975686759,6.00000
"579",0.0878106505,8.00000
"580",0.3629046082,7.00000
"581",-0.0073756203,5.00000
"582",-0.0757915750,6.00000
"583",-0.0707404986,6.00000
"584",-0.0518760197,6.00000
"585",-0.0905711800,6.00000
"586",0.3235712945,7.00000
"587",0.4472732842,7.00000
"588",0.4213643968,7.00000
"596",0.1117297262,8.00000
"597",0.1335141361,8.00000
"598",-0.0368799865,6.00000
"599",0.4084863365,6.00000
"609",0.1311872900,8.00000
"610",0.3800527453,8.00000
"611",-0.0450052023,5.00000
"612",-0.0173230469,5.00000
"613",-0.0232667886,5.00000
"614",0.0266526565,6.00000
"615",-0.0708358362,6.00000
"616",0.2625140548,6.00000
"625",0.5249046683,7.00000
"626",0.3092036545,7.00000
"627",0.0915060788,7.00000
"628",-0.0596229173,5.00000
"629",0.1089492515,8.00000
"630",0.1675229222,8.00000
"633",0.0944881886,9.00000
"634",0.4767924547,7.00000
"635",0.1719080508,8.00000
"636",0.0024875621,6.00000
"637",0.1291986555,8.00000
"638",0.3771247566,6.00000
"639",0.3497407138,6.00000
"648",0.1014731824,8.00000
"649",0.1060029045,9.00000
"650",0.1435427219,9.00000
"651",-0.0249817558,7.00000
"652",0.2773423195,5.00000
"653",0.1796316653,8.00000
"661",-0.0463165380,6.00000
"662",0.2054192871,2.00000
"663",0.1747963429,4.00000
"664",-0.0805989578,6.00000
"672",0.1109041348,7.00000
"673",0.1326504201,8.00000
"674",0.2130051404,10.00000
"675",0.1525349468,9.00000
"676",-0.0727613345,6.00000
"677",-0.0792013109,5.00000
"688",0.1462922245,9.00000
"689",0.0445219167,1.00000
"690",0.0301103424,6.00000
"691",0.0070935767,6.00000
"692",0.4122588932,6.00000
"693",0.4719262719,6.00000
"694",-0.0809053704,6.00000
"700",0.1032803878,10.00000
"701",0.2314717025,9.00000
"702",0.4562324583,8.00000
"703",-0.0723522007,6.00000
"704",0.0260143559,4.00000
"713",0.1099223197,9.00000
"714",0.0998128504,9.00000
"715",0.1717242449,10.00000
"716",-0.0347553939,6.00000
"717",0.0955729261,8.00000
"718",0.4573205710,7.00000
"719",-0.0670170859,6.00000
"730",0.1706191897,8.00000
"731",0.1236231029,9.00000
"732",0.1992482394,10.00000
"733",-0.0376351438,3.00000
"734",0.4068003595,7.00000
"739",0.2028157562,8.00000
"740",0.4818226099,8.00000
"741",0.2846565843,8.00000
"742",0.0558174625,7.00000
"743",0.2982725799,6.00000
"744",-0.0751809925,6.00000
"745",-0.0839958489,6.00000
"746",0.0227258429,6.00000
"754",0.1702649146,10.00000
"755",0.2033846974,9.00000
"756",0.4720234573,6.00000
"757",0.2312229872,6.00000
"758",0.0494930968,7.00000
"759",0.4152300060,6.00000
"760",-0.0788022056,6.00000
"761",-0.0769597590,6.00000
"762",0.1244916394,8.00000
"763",0.4636282623,7.00000
"764",0.3681167960,8.00000
"770",0.2055004835,10.00000
"771",0.1355972290,8.00000
"772",0.4082348645,6.00000
"773",-0.0633593649,6.00000
"774",-0.0710282475,6.00000
"784",0.1591303498,10.00000
"785",0.2062424421,10.00000
"786",-0.0714004487,5.00000
"787",-0.0728200972,6.00000
"788",0.1080505848,8.00000
"789",0.0861525834,8.00000
"790",0.3036527038,8.00000
"791",-0.0812475905,5.00000
"796",0.1857942194,10.00000
"797",0.1407187432,10.00000
"798",0.0670649260,7.00000
"799",-0.0335556492,7.00000
"800",0.0315836817,7.00000
"801",-0.0359467864,6.00000
"802",-0.0953891501,6.00000
"803",0.4173196852,6.00000
"804",0.3152792156,6.00000
"805",0.4845988452,6.00000
"806",0.0680517629,7.00000
"807",0.4740566909,7.00000
"808",0.4716481566,7.00000
"809",-0.0662887543,6.00000
"815",0.1392675638,11.00000
"816",0.1574731469,10.00000
"817",0.1801291108,9.00000
"818",0.0448886827,8.00000
"819",0.4229227900,7.00000
"820",0.2326819003,6.00000
"821",0.4707818329,7.00000
"822",0.2744836211,7.00000
"825",0.1425232887,10.00000
"826",0.3998489380,7.00000
"827",0.4557763338,6.00000
"828",0.1926845163,5.00000
"829",0.2462419718,8.00000
"830",0.4307675064,7.00000
"831",-0.0618585311,6.00000
"840",0.1482446641,12.00000
"841",0.1673664898,12.00000
"842",0.1969978660,9.00000
"843",0.3423800468,7.00000
"844",0.2589972019,7.00000
"845",0.0025225226,6.00000
"846",0.0658133626,5.00000
"847",0.3960554004,5.00000
"848",0.4118247032,6.00000
"849",0.0729756206,7.00000
"850",0.1957157403,8.00000
"851",0.1849735528,8.00000
"852",0.3503969014,7.00000
"853",-0.0672153607,6.00000
"858",0.1742690802,9.00000
"859",0.4872557223,8.00000
"860",-0.0017373399,7.00000
"861",-0.0213409308,7.00000
"862",0.1193062812,7.00000
"863",0.1821710318,7.00000
"870",0.1325460225,12.00000
"871",0.1593758911,11.00000
"872",0.1156901866,7.00000
"873",0.2782171071,6.00000
"874",0.1149116382,5.00000
"875",-0.0614586435,7.00000
"876",0.4065950811,7.00000
"884",0.0896968767,9.00000
"885",0.2434213608,7.00000
"886",0.0798417255,8.00000
"887",0.4084600806,5.00000
"888",0.3148788810,5.00000
"889",0.3605319560,8.00000
"890",0.1069830283,7.00000
"894",0.1062178984,11.00000
"895",0.3324346244,8.00000
"896",0.2973545790,7.00000
"897",-0.0829170793,6.00000
"906",0.1336472630,11.00000
"907",0.1823556125,6.00000
"908",0.2022390962,6.00000
"909",-0.0268956572,6.00000
"910",-0.0916253775,6.00000
"911",0.4115355611,8.00000
"917",0.1271497905,12.00000
"918",0.0762722716,7.00000
"919",0.2145305723,6.00000
"920",0.1627103090,6.00000
"921",0.3914379478,5.00000
"922",0.4638710022,6.00000
"923",0.4356507957,7.00000
"924",0.0720089152,6.00000
"925",0.1661721021,8.00000
"926",0.4079964757,5.00000
"927",0.3410676420,8.00000
"931",0.1619929969,12.00000
"932",0.0918541104,12.00000
"933",0.1759803146,10.00000
"934",0.1189304739,9.00000
"935",0.1484877616,8.00000
"936",0.2520677745,10.00000
"937",0.0771677569,5.00000
"938",0.1346137822,4.00000
"939",-0.0844476596,6.00000
"940",0.1525365114,8.00000
"941",0.4030637145,6.00000
"942",0.2425789386,8.00000
"943",-0.0873304009,5.00000
"946",0.1567654014,12.00000
"947",0.1229881048,8.00000
"948",0.1139231697,8.00000
"949",0.2949188650,10.00000
"950",0.3171922564,9.00000
"951",-0.0288228318,6.00000
"952",0.1571479291,5.00000
"953",0.1769500226,8.00000
"958",0.1008181199,12.00000
"959",0.1457045823,12.00000
"960",0.1241754293,8.00000
"961",0.1193164661,8.00000
"962",0.1616701037,5.00000
"963",0.2165239304,4.00000
"964",0.1799865961,6.00000
"965",-0.0972481519,6.00000
"966",0.1290398687,8.00000
"967",0.0851760879,7.00000
"968",0.0628987402,6.00000
"969",-0.0990288928,5.00000
"973",0.1351417899,12.00000
"974",0.0930275917,11.00000
"975",0.0911123529,10.00000
"976",0.1108239740,8.00000
"977",0.4285276532,7.00000
"978",-0.0619664863,7.00000
"979",0.0401868522,6.00000
"980",0.0370325334,6.00000
"981",0.3559084833,6.00000
"982",0.2962768376,7.00000
"983",0.3880861998,6.00000
"984",0.1768662334,6.00000
"985",-0.0048600179,5.00000
"991",0.0515225418,13.00000
"992",0.1419830918,12.00000
"993",0.0970962346,11.00000
"994",0.0919056833,10.00000
"995",0.1250634790,7.00000
"996",0.3779112101,7.00000
"997",0.2942420244,6.00000
"998",0.1104759201,5.00000
"999",0.0117459688,6.00000
"1000",0.4047841132,6.00000
"1001",0.1742841154,8.00000
"1002",0.1763586700,8.00000
"1003",0.1311976314,5.00000
"1004",-0.1091366336,5.00000
"1005",-0.1182639748,5.00000
"1009",0.0905844346,13.00000
"1010",0.0906268582,13.00000
"1011",0.1245935038,13.00000
"1012",0.1862965077,12.00000
"1013",0.1400482953,6.00000
"1014",0.1143055484,8.00000
"1015",0.1346652210,9.00000
"1016",0.3164596856,10.00000
"1017",0.4397871494,6.00000
"1018",0.3364891708,6.00000
"1022",0.2113233954,12.00000
"1023",0.1093562692,7.00000
"1024",0.3442949057,9.00000
"1025",0.3976547420,6.00000
"1026",0.2395735383,6.00000
"1027",0.0632411093,7.00000
"1028",0.2313272953,8.00000
"1029",-0.0274841432,5.00000
"1031",0.1542772204,12.00000
"1032",0.1205736697,8.00000
"1033",0.0993768275,5.00000
"1034",0.1695632935,12.00000
"1035",0.4487519562,9.00000
"1036",0.4116488099,6.00000
"1037",-0.0691976622,7.00000
"1038",0.0754621848,7.00000
"1039",0.3253924847,7.00000
"1040",0.2047110200,8.00000
"1041",-0.0039763190,5.00000
"1042",-0.0076568308,5.00000
"1047",0.1806720048,12.00000
"1048",0.1544387340,12.00000
"1049",0.3840682805,7.00000
"1050",0.4403662980,6.00000
"1051",0.4268028736,6.00000
"1052",0.4233925939,6.00000
"1053",0.3604246378,5.00000
"1054",0.1002169699,5.00000
"1055",0.0958059877,8.00000
"1056",-0.0617579892,6.00000
"1057",-0.0492791757,4.00000
"1062",0.1854676902,12.00000
"1063",0.4344174862,10.00000
"1064",0.4301039279,9.00000
"1065",0.3658973277,7.00000
"1066",0.0792041570,6.00000
"1067",0.0449154191,7.00000
"1068",-0.0597058646,6.00000
"1069",0.2229887098,4.00000
"1075",0.0938318819,12.00000
"1076",0.1157973409,7.00000
"1077",0.1145680174,6.00000
"1078",0.0974281728,3.00000
"1079",0.1201800257,7.00000
"1080",0.1448299587,10.00000
"1081",0.4423973560,9.00000
"1082",0.4913522601,7.00000
"1083",0.2170252800,7.00000
"1084",0.0086530289,6.00000
"1085",0.0521810018,6.00000
"1086",0.1528570205,6.00000
"1087",0.2132524997,6.00000
"1088",-0.0027604080,5.00000
"1089",-0.0699453577,6.00000
"1092",0.0781593919,12.00000
"1093",0.2050397098,12.00000
"1094",0.1435472369,12.00000
"1095",0.1152959839,7.00000
"1096",0.3743464649,8.00000
"1097",0.1888039261,6.00000
"1098",0.4331757426,6.00000
"1099",0.3060117364,6.00000
"1100",0.2278265804,5.00000
"1101",-0.0303734243,6.00000
"1102",0.4252724945,6.00000
"1103",0.0149677163,4.00000
"1108",0.1397558451,12.00000
"1109",0.0820581540,11.00000
"1110",0.2159627229,11.00000
"1111",0.1399286389,10.00000
"1112",0.1004130244,7.00000
"1113",0.2022556663,11.00000
"1114",0.3869760334,6.00000
"1115",0.4654688239,6.00000
"1116",0.1220831945,6.00000
"1117",-0.0246478878,5.00000
"1118",0.3592946231,5.00000
"1120",0.0859877840,12.00000
"1121",0.1385110468,12.00000
"1122",0.0582760461,7.00000
"1123",0.1138687208,2.00000
"1124",0.1904548854,11.00000
"1125",0.3851565123,7.00000
"1126",0.4130520523,6.00000
"1127",-0.0674930215,5.00000
"1128",0.4419774115,6.00000
"1129",0.1530532837,6.00000
"1130",0.1748441756,6.00000
"1131",0.2516991794,6.00000
"1132",0.4575937688,6.00000
"1133",0.4237664342,6.00000
"1134",0.0123686511,4.00000
"1137",0.1084527969,3.00000
"1138",0.1439179778,6.00000
"1139",-0.0336673334,5.00000
"1140",0.3695724905,6.00000
"1141",0.1707113832,7.00000
"1142",0.3587649167,6.00000
"1143",0.4381341934,6.00000
"1144",-0.0799046308,5.00000
"1145",0.0199817419,3.00000
"1146",0.1365825236,12.00000
"1147",0.1604404002,12.00000
"1148",0.3315862715,12.00000
"1149",0.1541832238,12.00000
"1150",0.1248768941,6.00000
"1151",0.3603043258,6.00000
"1152",0.1707863361,5.00000
"1153",0.2815669775,6.00000
"1154",0.2934917211,6.00000
"1155",0.0651094764,3.00000
"1157",0.1792542934,12.00000
"1158",0.0908169970,8.00000
"1159",0.1555825025,11.00000
"1160",0.1998078227,11.00000
"1161",0.1044389978,4.00000
"1162",0.4132750034,7.00000
"1163",0.2869432867,6.00000
"1164",0.3596327901,6.00000
"1165",0.1565467864,6.00000
"1166",-0.0543710031,5.00000
"1167",0.2440906912,6.00000
"1168",0.4649162292,6.00000
"1169",-0.0454120189,3.00000
"1170",0.1439249963,12.00000
"1171",0.1652217358,12.00000
"1172",0.1678259373,12.00000
"1173",0.4023618996,7.00000
"1174",0.4286794662,7.00000
"1175",0.0879202262,7.00000
"1176",0.1386094540,5.00000
"1177",0.4249176085,6.00000
"1178",0.4566003680,6.00000
"1179",0.2913892269,6.00000
"1182",0.3212480247,12.00000
"1183",0.1174764782,12.00000
"1184",0.1836893260,9.00000
"1185",0.1479840875,7.00000
"1186",0.4199935198,6.00000
"1187",-0.0806218162,7.00000
"1188",0.3583134115,6.00000
"1189",0.4662247598,6.00000
"1190",-0.0625364408,5.00000
"1193",0.3170765340,12.00000
"1194",0.2352996916,12.00000
"1195",0.2137165070,12.00000
"1196",0.2182244956,12.00000
"1197",0.2364882678,12.00000
"1198",0.2318566442,12.00000
"1199",0.1034752577,11.00000
"1200",0.1566071659,8.00000
"1201",0.1647955775,11.00000
"1202",0.1026231050,11.00000
"1203",0.2091250271,11.00000
"1204",0.1046749204,8.00000
"1205",0.1284247637,7.00000
"1206",0.1428265870,3.00000
"1207",0.4802596271,6.00000
"1208",-0.0845619589,5.00000
"1210",0.2405873686,12.00000
"1211",0.1074589118,4.00000
"1212",0.2743888795,11.00000
"1213",0.0736257210,11.00000
"1214",0.4013215005,7.00000
"1215",0.3691574633,6.00000
"1216",0.4152237773,6.00000
"1217",0.4306845069,6.00000
"1218",0.4990719557,6.00000
"1219",0.4168285728,5.00000
"1221",0.1426326931,11.00000
"1222",0.1448518783,12.00000
"1223",0.1426178515,11.00000
"1224",0.1007345244,7.00000
"1225",0.2039727271,11.00000
"1226",0.1757437140,4.00000
"1227",0.4485723972,6.00000
"1228",-0.0804040879,5.00000
"1230",0.3505550027,12.00000
"1231",0.1967223585,12.00000
"1232",0.2360812575,11.00000
"1233",0.1968519539,12.00000
"1234",0.1566024423,12.00000
"1235",0.1652482450,12.00000
"1236",0.2069657594,12.00000
"1237",0.1327273250,12.00000
"1238",0.1166748628,5.00000
"1239",0.2044648975,5.00000
"1240",0.4384266436,6.00000
"1241",0.4579001963,6.00000
"1242",0.4806364775,6.00000
"1244",0.1879275441,12.00000
"1245",0.1453360766,12.00000
"1246",0.1831408888,12.00000
"1247",0.1585659385,12.00000
"1248",0.0962521061,5.00000
"1249",0.2595636547,11.00000
"1250",0.4010243118,6.00000
"1251",-0.0622923002,5.00000
"1252",-0.0799122527,4.00000
"1253",0.2914761901,12.00000
"1254",0.1158012226,4.00000
"1255",0.4254615903,10.00000
"1256",0.1000633314,9.00000
"1257",0.1460220665,5.00000
"1258",0.4337945282,4.00000
"1259",0.2970135808,6.00000
"1260",0.2837285996,7.00000
"1261",0.4501081407,7.00000
"1262",0.4263899922,6.00000
"1263",0.4412986040,6.00000
"1264",0.4239553809,7.00000
"1265",0.4593306780,6.00000
"1266",0.4696879685,6.00000
"1267",0.1573565155,12.00000
"1268",0.1550798565,12.00000
"1269",0.0937810615,7.00000
"1270",0.5346862674,7.00000
"1271",0.4456255138,7.00000
"1272",0.4271026552,8.00000
"1273",0.4165904820,7.00000
"1274",-0.0707569346,5.00000
"1276",0.1979516447,9.00000
"1277",0.1511551142,12.00000
"1278",0.2063947022,12.00000
"1279",0.1239832863,7.00000
"1280",0.0929505602,5.00000
"1281",0.0604733005,5.00000
"1282",0.1181325167,11.00000
"1283",0.4985474050,7.00000
"1284",0.3435733616,11.00000
"1285",0.5005189776,6.00000
"1286",0.2671333253,7.00000
"1287",0.2805856168,5.00000
"1288",0.4353249669,6.00000
"1289",-0.0465729348,4.00000
"1293",0.2388674915,12.00000
"1294",0.1568464786,12.00000
"1295",0.1617083699,12.00000
"1296",0.2000131607,12.00000
"1297",0.1977294236,11.00000
"1298",0.1426034719,11.00000
"1299",0.0816725120,3.00000
"1300",0.2710286379,11.00000
"1301",0.2717757225,9.00000
"1302",0.4038697183,8.00000
"1303",0.4779599607,8.00000
"1304",0.6087270379,8.00000
"1305",0.4082548320,7.00000
"1306",0.4054729640,8.00000
"1307",0.3931546509,6.00000
"1309",0.2441921085,12.00000
"1310",0.1633494645,12.00000
"1311",0.1634836197,12.00000
"1312",0.1481083930,12.00000
"1313",0.1517412961,12.00000
"1314",0.1415630579,11.00000
"1315",0.0948228613,3.00000
"1316",0.0954973325,11.00000
"1317",0.4780358076,7.00000
"1318",0.2867166102,11.00000
"1319",0.3631060421,9.00000
"1320",0.2642416358,7.00000
"1321",0.3670943975,6.00000
"1322",0.3238214254,4.00000
"1324",0.1800096780,11.00000
"1325",0.1321577132,11.00000
"1326",0.1169651523,5.00000
"1327",0.0707311183,3.00000
"1328",0.0644545779,2.00000
"1329",0.4265635908,8.00000
"1330",0.3953659236,9.00000
"1331",0.4379152954,8.00000
"1332",0.3055926263,6.00000
"1334",0.1546354890,10.00000
"1335",0.1314681917,10.00000
"1336",0.1410747468,4.00000
"1337",0.1093043760,2.00000
"1338",0.2649413645,10.00000
"1339",0.3901707232,9.00000
"1340",0.3410775363,10.00000
"1341",0.3567637205,8.00000
"1342",0.2599400282,9.00000
"1343",0.2959958315,11.00000
"1344",0.2955864668,9.00000
"1345",0.1233222783,7.00000
"1346",0.2961048186,5.00000
"1347",-0.1027119383,5.00000
"1349",0.1683917940,11.00000
"1350",0.1543680578,12.00000
"1351",0.0861177966,8.00000
"1352",0.1255298406,11.00000
"1353",0.4486903846,8.00000
"1354",0.2817192674,10.00000
"1355",0.4792059958,7.00000
"1356",0.0648879856,11.00000
"1357",0.2766367197,6.00000
"1358",0.1867641658,5.00000
"1359",0.2611581385,3.00000
"1361",0.1718721390,12.00000
"1362",0.1345170885,12.00000
"1363",0.1356645972,10.00000
"1364",0.1969393492,10.00000
"1365",0.1760383248,10.00000
"1366",0.0568119138,7.00000
"1368",0.1020957753,11.00000
"1369",0.4166370332,8.00000
"1370",0.2344044149,10.00000
"1371",0.4671965539,8.00000
"1372",0.3974906802,10.00000
"1373",0.1446696371,6.00000
"1374",0.4437161088,7.00000
"1375",0.3019623160,7.00000
"1377",0.3049452305,11.00000
"1378",0.1363773048,11.00000
"1379",0.1784111708,12.00000
"1380",0.1444244534,12.00000
"1381",0.1433693916,12.00000
"1382",0.0829479769,12.00000
"1383",0.1316477805,9.00000
"1384",0.0376310050,7.00000
"1385",0.2593270242,11.00000
"1386",0.4209732711,9.00000
"1387",0.5225250721,8.00000
"1388",0.4084668457,8.00000
"1389",0.4141916931,8.00000
"1390",0.4810159802,8.00000
"1391",0.4671465754,6.00000
"1392",0.2789722383,5.00000
"1393",-0.0914758444,5.00000
"1394",0.1687229574,12.00000
"1395",0.1933067888,12.00000
"1396",0.2401433736,10.00000
"1397",0.0385291949,9.00000
"1398",0.1109502986,4.00000
"1400",0.3778487742,8.00000
"1401",0.3793966472,10.00000
"1402",0.0065207458,6.00000
"1406",0.1490800530,12.00000
"1407",0.1390186250,12.00000
"1408",0.1057971045,10.00000
"1409",0.1243382543,8.00000
"1410",0.1513507068,10.00000
"1411",0.1252862662,10.00000
"1412",0.0476056039,12.00000
"1413",0.2597523928,11.00000
"1414",0.3805972934,8.00000
"1415",0.4581902623,8.00000
"1416",0.2164829522,10.00000
"1417",0.3310032189,10.00000
"1418",0.4360760450,10.00000
"1419",0.3447718620,9.00000
"1420",0.4584562778,7.00000
"1421",0.3206053376,11.00000
"1422",0.1411949992,12.00000
"1423",0.1834968477,12.00000
"1424",0.1919601709,8.00000
"1425",0.1276872605,9.00000
"1426",0.0474659801,10.00000
"1427",0.1028076261,4.00000
"1428",0.1272856146,2.00000
"1430",0.1834064871,12.00000
"1431",0.1938841194,11.00000
"1432",0.4771162272,8.00000
"1433",0.3273119330,11.00000
"1434",0.0511158407,7.00000
"1435",0.3824726343,6.00000
"1436",0.3442214131,6.00000
"1437",0.1324314326,3.00000
"1440",0.1491812766,10.00000
"1441",0.1100582704,7.00000
"1442",0.1824029684,10.00000
"1443",0.1130947620,3.00000
"1444",0.2645927668,2.00000
"1445",0.1880681813,10.00000
"1446",0.2061014473,11.00000
"1447",0.2592768967,11.00000
"1448",0.3436104953,11.00000
"1449",0.4924765825,8.00000
"1450",0.3102306128,11.00000
"1451",0.3321627974,10.00000
"1452",0.1483140141,8.00000
"1453",0.3912880719,6.00000
"1454",0.4457721412,6.00000
"1455",0.1380473673,3.00000
"1456",0.1623958945,7.00000
"1457",-0.0713197067,6.00000
"1459",0.2158380896,11.00000
"1460",0.1213755459,12.00000
"1461",0.1898681521,11.00000
"1462",0.1314504147,8.00000
"1463",0.1457167268,9.00000
"1464",0.1959165335,11.00000
"1465",0.0514612049,3.00000
"1467",0.2329018563,11.00000
"1468",0.1851748675,12.00000
"1469",0.1251215488,12.00000
"1470",0.0118559282,12.00000
"1471",0.1786200106,12.00000
"1472",0.2209747136,11.00000
"1473",0.4040849209,11.00000
"1474",0.4425933957,6.00000
"1475",0.1761818230,11.00000
"1476",0.1283497065,12.00000
"1477",0.1063021794,12.00000
"1478",0.1823251545,11.00000
"1479",0.1507609785,11.00000
"1480",0.1439531297,10.00000
"1481",0.3539305031,9.00000
"1482",0.4412898123,8.00000
"1483",0.0618932024,6.00000
"1484",0.3025872409,7.00000
"1486",0.1631781608,12.00000
"1487",0.0881686285,10.00000
"1488",0.0822473541,9.00000
"1489",0.0287441481,6.00000
"1490",0.1439834088,2.00000
"1491",0.1394977570,4.00000
"1492",0.1438995004,11.00000
"1493",0.1764484197,12.00000
"1494",0.1912635267,11.00000
"1495",0.3446950018,10.00000
"1496",0.4288093746,8.00000
"1497",-0.0838724300,5.00000
"1500",0.2777560651,11.00000
"1501",0.1693135202,11.00000
"1502",0.1566743702,12.00000
"1503",0.1627468318,12.00000
"1504",0.0908532143,13.00000
"1505",0.1534849852,12.00000
"1506",0.1061500683,8.00000
"1507",0.1709257811,2.00000
"1508",0.0767256096,7.00000
"1509",0.0447301157,13.00000
"1510",0.1472173929,11.00000
"1511",0.1631783992,11.00000
"1512",0.2286250442,11.00000
"1513",0.2130129039,7.00000
"1514",0.1623578817,6.00000
"1515",0.3523076475,6.00000
"1516",0.2940709293,6.00000
"1517",0.2064772695,6.00000
"1519",0.1778589189,12.00000
"1520",0.0696858689,10.00000
"1521",0.1517287791,11.00000
"1522",0.1312289983,4.00000
"1523",0.0618109480,7.00000
"1524",0.3687004447,10.00000
"1525",0.3162708283,10.00000
"1526",0.2272997349,11.00000
"1527",-0.0374031104,6.00000
"1528",-0.0772292987,6.00000
"1531",0.2492825389,11.00000
"1532",0.1734549701,12.00000
"1533",0.1134607270,10.00000
"1534",-0.0062831338,12.00000
"1535",0.1104290411,12.00000
"1536",0.4482689798,10.00000
"1537",0.0041143233,6.00000
"1538",0.3780167699,6.00000
"1539",0.3893162012,6.00000
"1540",0.0037195205,5.00000
"1542",0.2788536251,11.00000
"1543",0.2868105471,11.00000
"1544",0.1957045048,12.00000
"1545",0.1056280434,10.00000
"1546",0.1218854487,8.00000
"1547",0.3305359483,10.00000
"1548",0.0627438650,10.00000
"1549",0.0612525083,10.00000
"1550",0.1493512243,7.00000
"1551",0.1413645893,8.00000
"1552",0.1263697892,12.00000
"1553",0.1659158468,11.00000
"1554",0.1915864050,11.00000
"1555",0.1670491844,11.00000
"1556",0.1438080072,11.00000
"1557",0.3958185613,9.00000
"1558",0.4397082925,9.00000
"1559",-0.0026351169,6.00000
"1560",0.2869559228,5.00000
"1561",0.2184498608,4.00000
"1563",0.2291001528,12.00000
"1564",0.1567950994,10.00000
"1565",0.0698160753,10.00000
"1566",0.1481448859,12.00000
"1567",0.1326831579,11.00000
"1568",0.1479875743,10.00000
"1569",0.1327137053,9.00000
"1570",0.2494705916,11.00000
"1571",0.3086121976,10.00000
"1572",0.2263425291,10.00000
"1573",-0.0157148782,6.00000
"1574",0.2171785086,5.00000
"1575",0.0064098048,6.00000
"1576",0.3807049394,5.00000
"1577",-0.0814832598,6.00000
"1579",0.3048280776,11.00000
"1580",0.1606843173,12.00000
"1581",0.1909425110,10.00000
"1582",0.1511172801,9.00000
"1583",0.1181178540,8.00000
"1584",0.1855984032,11.00000
"1585",0.1870476156,11.00000
"1586",0.1360807866,11.00000
"1587",0.1291261017,11.00000
"1588",0.2676300704,4.00000
"1590",0.2720738053,11.00000
"1591",0.1945510060,12.00000
"1592",0.1285183728,10.00000
"1593",0.1044189632,10.00000
"1594",0.1199977249,10.00000
"1595",0.2207297385,11.00000
"1596",0.1192230582,3.00000
"1597",0.1543207914,11.00000
"1598",0.2937781513,12.00000
"1599",0.2924360931,5.00000
"1600",0.1990913004,9.00000
"1601",0.2333605140,12.00000
"1602",0.1698724031,12.00000
"1603",0.1959937215,12.00000
"1604",0.1695293486,12.00000
"1605",0.1992845982,9.00000
"1606",0.1474152207,8.00000
"1607",0.1430722922,8.00000
"1608",0.1597553045,11.00000
"1609",0.1799283624,11.00000
"1610",0.1445050538,12.00000
"1611",0.1455622017,12.00000
"1612",0.0739234909,12.00000
"1613",0.1620254815,11.00000
"1614",0.2833530605,11.00000
"1615",0.3276840150,11.00000
"1616",-0.1133577079,6.00000
"1617",0.4567087293,6.00000
"1618",0.4264989197,7.00000
"1623",0.2237897366,12.00000
"1624",0.1796411127,12.00000
"1625",0.1994533092,11.00000
"1626",0.1096145511,8.00000
"1627",0.1524606049,12.00000
"1628",0.1411396116,12.00000
"1629",0.1293415576,5.00000
"1630",0.1354945898,11.00000
"1631",0.1241451874,11.00000
"1632",0.2024269104,11.00000
"1633",-0.0099181123,6.00000
"1634",0.3565049171,4.00000
"1635",0.3123389780,4.00000
"1636",0.3776569962,6.00000
"1637",0.4855808318,6.00000
"1638",0.2205694020,12.00000
"1639",0.1572713256,12.00000
"1640",0.1218336150,10.00000
"1641",0.1375356615,11.00000
"1642",0.1600044072,12.00000
"1643",0.1501875669,4.00000
"1644",0.1581786126,11.00000
"1645",0.1985334903,11.00000
"1646",0.1739643514,11.00000
"1647",0.2590783238,11.00000
"1648",0.3601111472,6.00000
"1649",0.4517948628,6.00000
"1651",0.1235646308,12.00000
"1652",0.1622904390,11.00000
"1653",0.1160132065,10.00000
"1654",0.2066292167,10.00000
"1655",0.1688706279,11.00000
"1656",0.1064071879,11.00000
"1657",0.1613046676,6.00000
"1658",0.3187026084,12.00000
"1659",0.3031787574,12.00000
"1660",0.2611585259,12.00000
"1661",0.1594642252,11.00000
"1662",0.3489538133,10.00000
"1663",0.1055513099,5.00000
"1664",0.2922909558,11.00000
"1665",0.2803447247,11.00000
"1666",0.0854907483,8.00000
"1667",0.1469729245,11.00000
"1668",0.1510050297,12.00000
"1669",0.0715438426,11.00000
"1670",0.0750567690,10.00000
"1671",0.1704512834,11.00000
"1672",0.4081832766,6.00000
"1673",-0.0978335515,7.00000
"1674",0.1183163747,12.00000
"1675",0.1651124805,7.00000
"1676",0.0611638650,11.00000
"1677",0.2497843355,11.00000
"1678",0.1766812652,13.00000
"1679",0.1431196034,11.00000
"1680",0.1097926199,11.00000
"1681",0.2872941792,12.00000
"1682",0.3192969561,12.00000
"1683",0.2640821636,12.00000
"1684",0.4765868783,8.00000
"1685",0.5238932371,7.00000
"1686",0.3748991787,7.00000
"1687",-0.0443884470,5.00000
"1688",-0.0352749377,5.00000
"1689",0.2516531050,5.00000
"1690",-0.0378339179,5.00000
"1691",-0.0658512935,4.00000
"1692",-0.0692684352,4.00000
"1693",0.0968369395,10.00000
"1694",0.1924020350,13.00000
"1695",0.1008141860,12.00000
"1696",0.0725635290,11.00000
"1697",0.0892663151,10.00000
"1698",0.1057318225,8.00000
"1699",0.2076303214,12.00000
"1700",0.1785283834,12.00000
"1701",0.1605289877,11.00000
"1702",-0.0121440236,6.00000
"1703",0.3776168227,6.00000
"1704",0.4782201052,6.00000
"1705",-0.0679074153,7.00000
"1706",-0.0672094747,5.00000
"1708",0.1950594336,12.00000
"1709",0.0402930416,11.00000
"1710",0.1302899420,10.00000
"1711",0.2280780077,10.00000
"1712",0.1816121787,11.00000
"1713",0.1401900649,5.00000
"1714",0.4721936286,6.00000
"1715",0.3309717178,9.00000
"1716",0.2482143938,8.00000
"1717",0.1356500536,13.00000
"1718",0.2003978789,11.00000
"1719",0.1348556727,12.00000
"1720",0.1828308255,12.00000
"1721",0.1080056205,9.00000
"1722",0.1391267180,8.00000
"1723",0.0810836926,8.00000
"1724",0.1234506965,10.00000
"1725",0.2322295457,12.00000
"1726",0.1609505117,12.00000
"1727",0.1947485060,12.00000
"1728",0.1686255336,13.00000
"1729",0.3116713762,9.00000
"1730",0.1244316846,6.00000
"1731",0.4677588642,6.00000
"1732",0.4693451524,6.00000
"1734",0.2031742930,13.00000
"1735",0.2536890209,11.00000
"1736",0.3297441006,11.00000
"1737",0.1650077850,12.00000
"1738",0.1339912266,10.00000
"1739",0.1245678663,9.00000
"1740",0.1650878340,11.00000
"1741",0.1666517258,13.00000
"1742",0.1314638555,6.00000
"1743",0.1832747161,9.00000
"1744",0.1680082977,12.00000
"1745",0.2845058441,12.00000
"1746",0.1727570593,12.00000
"1747",0.2004481852,10.00000
"1748",-0.0911571085,5.00000
"1749",-0.0915342122,5.00000
"1750",0.1762185991,12.00000
"1751",0.0723902807,11.00000
"1752",0.1539850384,10.00000
"1753",0.1615067720,12.00000
"1754",0.1263529509,12.00000
"1755",0.1574209034,10.00000
"1756",0.1800488532,10.00000
"1757",0.1245361716,10.00000
"1758",0.0912731662,10.00000
"1759",0.1626029909,11.00000
"1760",0.2456628978,12.00000
"1761",0.4935512543,6.00000
"1762",0.4189337194,6.00000
"1763",0.4510486722,6.00000
"1764",0.2143246233,10.00000
"1765",0.3047927022,10.00000
"1766",0.1714765578,11.00000
"1767",0.1291646957,10.00000
"1768",0.1319847852,10.00000
"1769",0.1857885420,10.00000
"1770",0.2700006068,13.00000
"1771",0.1358731091,10.00000
"1772",0.4684027135,6.00000
"1773",0.3825813234,6.00000
"1774",-0.0832610056,7.00000
"1775",-0.0923432335,5.00000
"1776",0.2301720083,12.00000
"1777",0.1533949673,12.00000
"1778",0.1153130159,11.00000
"1779",0.1604383737,13.00000
"1780",0.1540504694,9.00000
"1781",0.1552406550,10.00000
"1782",0.1390559524,10.00000
"1783",0.4487380683,7.00000
"1784",0.3885692358,6.00000
"1785",0.2143126130,10.00000
"1786",-0.0937446430,5.00000
"1788",0.1366893798,10.00000
"1789",0.1802313030,12.00000
"1790",0.1385501772,11.00000
"1791",0.1371673495,10.00000
"1792",0.1498002261,9.00000
"1793",0.1338108778,9.00000
"1794",0.0749974772,11.00000
"1795",0.1293439716,11.00000
"1796",0.1031274944,9.00000
"1797",0.1624258608,10.00000
"1798",0.2678976059,12.00000
"1799",0.4941053093,8.00000
"1800",0.5079045296,7.00000
"1801",0.3877172172,6.00000
"1802",0.4647343755,6.00000
"1803",0.4630538225,7.00000
"1804",0.3171766400,12.00000
"1806",0.1545681208,11.00000
"1807",0.1611124575,9.00000
"1808",0.1572021544,10.00000
"1809",0.1512669325,10.00000
"1810",0.0343535952,10.00000
"1811",0.1725294143,8.00000
"1812",0.4580216706,6.00000
"1813",0.4274920523,8.00000
"1814",0.3004189730,11.00000
"1815",0.1575838476,12.00000
"1816",0.1503482908,11.00000
"1817",0.0415047668,11.00000
"1818",0.0468970984,10.00000
"1819",0.2830176354,12.00000
"1820",0.1817136407,9.00000
"1821",0.1689675897,9.00000
"1822",0.0812985227,10.00000
"1823",0.2118770480,8.00000
"1824",0.1978313327,8.00000
"1825",0.1787252575,12.00000
"1826",0.2069493085,12.00000
"1827",0.2419675738,10.00000
"1828",0.4696661532,6.00000
"1829",0.4736920893,6.00000
"1830",0.4574586153,8.00000
"1831",0.3017359078,13.00000
"1833",0.0722845495,13.00000
"1834",0.1567536891,13.00000
"1835",0.2354515195,11.00000
"1836",0.2531705797,9.00000
"1837",0.1110968888,12.00000
"1838",0.1492015868,12.00000
"1839",0.2452082336,14.00000
"1840",0.1375254393,10.00000
"1841",0.2078720778,8.00000
"1842",0.1842178106,10.00000
"1843",0.2808384597,11.00000
"1844",0.2427218854,10.00000
"1845",0.4322335720,6.00000
"1846",0.4307174981,8.00000
"1847",0.1430731714,10.00000
"1848",0.0664431676,13.00000
"1849",0.0257845540,11.00000
"1850",0.2117816508,13.00000
"1851",0.1206379756,13.00000
"1852",0.2020517141,13.00000
"1853",0.1586246341,13.00000
"1854",0.1506849378,12.00000
"1855",0.2304715514,12.00000
"1856",0.2786566317,12.00000
"1857",0.2301651537,12.00000
"1858",0.4248217940,8.00000
"1859",0.1026886180,9.00000
"1860",0.0563742295,13.00000
"1861",0.1733225435,11.00000
"1862",0.1747549027,11.00000
"1863",0.1392149329,12.00000
"1864",0.1697437763,12.00000
"1865",0.1323981583,12.00000
"1866",0.1415011287,8.00000
"1867",0.1645046771,9.00000
"1868",0.1584257782,12.00000
"1869",0.2977256775,12.00000
"1870",0.1953291446,10.00000
"1871",0.4256767333,7.00000
"1872",0.4545665085,7.00000
"1873",0.0245781485,6.00000
"1874",0.1946794838,13.00000
"1875",0.0375131592,12.00000
"1876",0.3351900280,12.00000
"1877",0.1818091422,12.00000
"1878",0.1352513284,9.00000
"1879",0.1683369875,12.00000
"1880",0.1771286875,9.00000
"1883",0.1625905335,12.00000
"1884",0.1904431730,12.00000
"1885",0.1628172547,11.00000
"1886",0.1433260739,11.00000
"1887",0.1414654404,11.00000
"1888",0.1630584151,12.00000
"1889",0.1257938594,12.00000
"1890",0.0674800277,11.00000
"1891",0.1088690385,9.00000
"1892",0.1381328553,9.00000
"1893",0.1133004949,11.00000
"1895",0.1098063290,12.00000
"1896",0.1433608681,12.00000
"1897",0.1478835940,11.00000
"1898",0.1607772708,11.00000
"1899",0.2279743701,12.00000
"1900",0.1421775520,8.00000
"1901",0.1679706871,12.00000
"1902",0.3155108094,8.00000
"1903",0.4289795160,6.00000
"1904",0.0874660537,8.00000
"1906",0.0730080903,13.00000
"1907",0.1437439919,12.00000
"1908",0.1305019259,11.00000
"1909",0.1418084949,9.00000
"1910",0.1499712616,12.00000
"1911",0.1387734264,12.00000
"1912",0.1439872384,13.00000
"1913",0.0587821528,12.00000
"1914",0.0631139204,11.00000
"1915",0.1113044545,10.00000
"1916",0.1046996042,11.00000
"1917",0.4524448812,6.00000
"1918",0.4270008206,6.00000
"1919",0.4794520438,7.00000
"1920",0.3683654964,11.00000
"1921",0.2080418468,12.00000
"1922",0.0813149661,10.00000
"1923",0.0832539201,9.00000
"1924",0.2473527193,12.00000
"1925",0.0781955346,12.00000
"1926",0.1555686742,10.00000
"1927",0.1716515720,13.00000
"1928",0.0562126003,11.00000
"1929",0.1308919936,10.00000
"1930",0.1220274866,9.00000
"1931",0.1028337330,10.00000
"1932",0.1158458069,11.00000
"1933",0.1768248528,12.00000
"1934",0.2818427384,10.00000
"1935",0.3619559109,6.00000
"1936",0.4979805350,7.00000
"1937",0.4801533818,7.00000
"1938",0.4450627267,8.00000
"1939",0.3310675323,11.00000
"1940",0.1588250995,12.00000
"1942",0.0612244904,14.00000
"1943",0.1227874458,11.00000
"1944",0.1627277583,11.00000
"1945",0.1165462807,12.00000
"1946",0.1113321334,10.00000
"1947",0.1569769383,12.00000
"1948",0.2166307270,9.00000
"1949",0.2903630435,11.00000
"1950",0.1791009754,12.00000
"1951",0.1457519233,8.00000
"1953",0.1514666974,12.00000
"1954",0.1503867060,12.00000
"1955",0.2383092940,11.00000
"1956",0.1301340610,12.00000
"1957",0.0826462507,11.00000
"1958",0.1287229508,12.00000
"1959",0.1662802398,12.00000
"1960",0.1239020824,12.00000
"1961",0.1855533421,12.00000
"1962",0.1504216194,10.00000
"1963",0.1451168209,12.00000
"1964",0.3802799285,9.00000
"1965",0.4253353476,7.00000
"1966",0.3669407368,6.00000
"1967",0.1852043122,12.00000
"1968",0.1285500228,12.00000
"1969",0.1471457481,10.00000
"1970",0.3887965083,10.00000
"1971",0.3136687875,6.00000
"1972",0.2856200337,6.00000
"1973",0.4432564676,8.00000
"1974",0.1305342019,11.00000
"1975",0.1256065667,11.00000
"1976",0.2136277407,11.00000
"1977",0.1195573211,12.00000
"1978",0.1162343323,12.00000
"1979",0.1699403971,12.00000
"1980",0.2040500939,12.00000
"1981",0.1412047893,12.00000
"1982",0.1947515905,11.00000
"1983",0.1939555705,11.00000
"1984",0.1368722469,12.00000
"1985",0.4487655461,6.00000
"1986",0.3131540120,6.00000
"1987",0.3737418055,6.00000
"1988",0.4790096879,6.00000
"1990",0.1839660704,13.00000
"1991",0.0219459366,12.00000
"1992",0.1754380465,12.00000
"1993",0.1426528394,12.00000
"1994",0.1359660625,12.00000
"1995",0.1520055681,12.00000
"1996",0.1579541117,12.00000
"1997",0.1393247396,12.00000
"1998",0.1620613337,12.00000
"1999",0.1450507492,12.00000
"2000",0.1674510390,11.00000
"2001",0.0961083025,10.00000
"2002",0.1562099457,10.00000
"2003",0.1887085289,11.00000
"2004",0.2122005820,12.00000
"2005",0.1429279000,11.00000
"2006",0.1516222656,11.00000
"2007",0.1684293747,12.00000
"2008",0.1875097156,13.00000
"2009",0.1757389456,10.00000
"2010",0.1306835264,10.00000
"2011",0.1771842390,9.00000
"2012",0.1880016178,12.00000
"2013",0.2255127728,8.00000
"2014",0.2495567352,5.00000
"2017",0.1479128599,12.00000
"2018",0.1926173419,12.00000
"2019",0.0927919820,12.00000
"2020",0.1479694098,12.00000
"2021",0.0969460830,13.00000
"2022",0.1426093429,12.00000
"2023",0.1955823600,12.00000
"2024",0.4308578968,11.00000
"2025",0.3061277568,12.00000
"2026",0.1323643178,11.00000
"2027",0.2693353593,4.00000
"2028",0.2919414639,3.00000
"2030",0.2011663616,13.00000
"2031",0.1627131998,12.00000
"2032",0.2409602404,12.00000
"2033",0.1460764557,12.00000
"2034",0.1421322972,12.00000
"2035",0.1709336042,12.00000
"2036",0.1321958900,11.00000
"2037",0.2578763962,11.00000
"2038",0.1337257177,11.00000
"2039",0.1447895169,10.00000
"2040",0.1822877824,12.00000
"2041",0.3992022872,11.00000
"2042",0.2202604264,7.00000
"2043",0.1706149429,5.00000
"2044",0.1685878485,11.00000
"2045",-0.1126361638,7.00000
"2046",0.1387030184,12.00000
"2047",0.1888259053,13.00000
"2048",0.1776538640,13.00000
"2049",0.1795782149,12.00000
"2050",0.1727017760,11.00000
"2051",0.1410433948,10.00000
"2052",0.1393455267,10.00000
"2053",0.1512283385,10.00000
"2054",0.1315902024,13.00000
"2055",0.1612462103,12.00000
"2056",0.0708315223,12.00000
"2057",0.1432603300,12.00000
"2058",0.4489119053,8.00000
"2059",0.1523043215,11.00000
"2060",0.1063038930,8.00000
"2062",0.1817469597,12.00000
"2063",0.2148552835,12.00000
"2064",0.1497648507,12.00000
"2065",0.1403329521,12.00000
"2066",0.2002469450,13.00000
"2067",0.1313517094,12.00000
"2068",0.2121438384,12.00000
"2069",0.2107753754,11.00000
"2070",0.1518185288,12.00000
"2071",0.2332586199,5.00000
"2072",0.1541818380,11.00000
"2074",0.0862255469,12.00000
"2075",0.1102595553,11.00000
"2076",0.1612181515,11.00000
"2077",0.1578815728,11.00000
"2078",0.1315631121,12.00000
"2079",0.1584507078,12.00000
"2080",0.1429222375,11.00000
"2081",0.1354849637,12.00000
"2082",0.1292034388,12.00000
"2083",0.1253407747,10.00000
"2084",0.1193688288,12.00000
"2085",0.1271528304,12.00000
"2086",0.3970780671,8.00000
"2087",0.4745728970,8.00000
"2088",0.1215886623,10.00000
"2090",0.0315331630,11.00000
"2091",0.1552048326,11.00000
"2092",0.3103691042,11.00000
"2093",0.1446549296,12.00000
"2094",0.1250732392,11.00000
"2095",0.1489136815,12.00000
"2096",0.1515722573,12.00000
"2097",0.1609445810,11.00000
"2098",0.1921335012,11.00000
"2099",0.1857666522,12.00000
"2100",0.1836065501,12.00000
"2101",0.1870252490,5.00000
"2102",0.1254115701,11.00000
"2103",0.2014745176,12.00000
"2104",0.1715576351,12.00000
"2105",0.1600597948,12.00000
"2106",0.0896138996,8.00000
"2107",0.0936608315,8.00000
"2108",0.1142899469,10.00000
"2109",0.0243352130,12.00000
"2112",0.2210708111,12.00000
"2113",0.2696353197,11.00000
"2114",0.1541114003,12.00000
"2115",0.1149064377,13.00000
"2116",0.1693835110,12.00000
"2117",0.2213645428,12.00000
"2118",0.1613595635,11.00000
"2119",0.1350944340,11.00000
"2120",0.1288523525,13.00000
"2121",0.1827388853,13.00000
"2122",0.5176329017,7.00000
"2123",0.3921235502,8.00000
"2124",0.1884678304,12.00000
"2125",0.1478177160,12.00000
"2126",0.2692914307,11.00000
"2127",0.0815524757,13.00000
"2128",0.1778590828,9.00000
"2129",0.1534359008,8.00000
"2130",0.1103913113,8.00000
"2131",0.1392972618,12.00000
"2132",0.2027679980,11.00000
"2133",0.1321357340,11.00000
"2134",0.1174417436,13.00000
"2135",0.1002041549,13.00000
"2136",0.1709432602,9.00000
"2137",0.1358530819,9.00000
"2138",0.1876983643,11.00000
"2139",0.2068477720,13.00000
"2140",0.3835330308,13.00000
"2141",0.2525568604,13.00000
"2142",0.2416185737,13.00000
"2143",0.0941296592,12.00000
"2144",0.2192124426,10.00000
"2147",0.1314281970,12.00000
"2148",0.1370151043,12.00000
"2149",0.1175455674,12.00000
"2150",0.2120456845,11.00000
"2151",0.2046286166,13.00000
"2152",0.3324695826,11.00000
"2153",0.1848578900,10.00000
"2154",-0.1410279423,6.00000
"2156",0.2114818245,12.00000
"2157",0.1631506234,10.00000
"2158",0.1799094975,10.00000
"2159",0.1235427782,12.00000
"2160",0.1350034177,12.00000
"2161",0.0730187893,10.00000
"2162",0.3788112104,12.00000
"2163",0.2938234806,11.00000
"2164",0.0721705854,11.00000
"2165",0.2846268117,11.00000
"2166",0.1666522771,11.00000
"2167",-0.1467902958,6.00000
"2169",0.2206260711,13.00000
"2170",0.2140861601,12.00000
"2171",0.1657843739,12.00000
"2172",0.0377447307,12.00000
"2173",0.1488177180,9.00000
"2174",0.2824454904,14.00000
"2175",0.2349957079,14.00000
"2176",0.3415368199,12.00000
"2177",0.1311363727,12.00000
"2178",0.1651066095,12.00000
"2179",0.1669537425,10.00000
"2180",0.1571251452,10.00000
"2181",0.1504737437,11.00000
"2182",0.1634863615,12.00000
"2183",0.2108578831,14.00000
"2184",0.1904663593,11.00000
"2185",0.2790524363,12.00000
"2186",0.3637167811,8.00000
"2187",0.2440202683,11.00000
"2188",0.1389331371,11.00000
"2189",0.2009069174,11.00000
"2190",0.1237532646,12.00000
"2191",0.1301688403,12.00000
"2192",0.1174956858,12.00000
"2193",0.0931618959,12.00000
"2194",0.1342041492,10.00000
"2195",0.1419695020,10.00000
"2196",0.1347310096,12.00000
"2197",0.2383480668,14.00000
"2198",0.3101873994,14.00000
"2199",0.1402565986,11.00000
"2200",0.1597800702,12.00000
"2201",0.2591266930,15.00000
"2202",0.1665058881,12.00000
"2203",0.1026024744,11.00000
"2204",0.1558379978,12.00000
"2205",0.2665159106,12.00000
"2206",0.0508848354,11.00000
"2207",0.1299733073,8.00000
"2208",0.2219877541,14.00000
"2209",0.2292661965,11.00000
"2210",0.1725667566,13.00000
"2211",0.4125599861,9.00000
"2212",0.0943876654,12.00000
"2213",0.2398414910,11.00000
"2214",0.2018652111,11.00000
"2216",0.1006681323,10.00000
"2217",0.0454520695,12.00000
"2218",0.0351365171,11.00000
"2219",0.1003591344,5.00000
"2220",0.0956812501,4.00000
"2221",0.1510085911,8.00000
"2222",0.2945640981,14.00000
"2223",0.2229114175,14.00000
"2224",0.3494006097,9.00000
"2225",0.2940647900,11.00000
"2226",0.1608391553,11.00000
"2227",0.1191679984,11.00000
"2228",0.1603992283,12.00000
"2229",0.2025387287,12.00000
"2230",0.1535194665,12.00000
"2231",0.0939054936,8.00000
"2232",0.0980286524,6.00000
"2233",0.1580649763,5.00000
"2234",0.1381205171,11.00000
"2235",0.1939814687,11.00000
"2236",0.1644621938,13.00000
"2237",0.2192728668,13.00000
"2238",0.1684264392,13.00000
"2239",0.3675722480,8.00000
"2240",0.1524951756,11.00000
"2241",0.1799700856,11.00000
"2242",0.1868503690,12.00000
"2245",0.1203028485,14.00000
"2246",0.2071471214,12.00000
"2247",0.1837262660,12.00000
"2248",0.1661446243,12.00000
"2249",0.1451144218,12.00000
"2250",0.1433604062,12.00000
"2251",0.0814343467,12.00000
"2252",0.1015855819,8.00000
"2253",0.3757106066,10.00000
"2254",0.3716276288,8.00000
"2255",0.1934790313,11.00000
"2256",0.2108484805,11.00000
"2257",0.2098819166,12.00000
"2258",0.1360203177,12.00000
"2259",0.1767016500,12.00000
"2260",0.5166918039,10.00000
"2261",0.1089838743,6.00000
"2262",0.1469980627,13.00000
"2263",0.2166994363,12.00000
"2264",0.2457316667,12.00000
"2265",0.2510402203,12.00000
"2268",0.0214576405,9.00000
"2269",0.1449920088,9.00000
"2270",0.2333429456,12.00000
"2271",0.3580426872,10.00000
"2272",0.1812829971,12.00000
"2273",0.1092466265,6.00000
"2274",0.0394868925,8.00000
"2275",0.2911334038,12.00000
"2276",0.3516454399,12.00000
"2277",0.4296421707,12.00000
"2278",0.2147950828,12.00000
"2279",0.4040780962,8.00000
"2280",0.1802769154,11.00000
"2281",0.0881322399,11.00000
"2282",0.2375180572,12.00000
"2283",0.2420780808,12.00000
"2284",0.1873367280,12.00000
"2285",0.1667422652,12.00000
"2286",0.1389955133,12.00000
"2287",0.1879822910,12.00000
"2288",0.1624481082,12.00000
"2289",0.0991358161,3.00000
"2290",0.1053120047,10.00000
"2291",0.2931940556,12.00000
"2292",0.2114028633,13.00000
"2293",0.1600070149,13.00000
"2294",0.2432239652,13.00000
"2295",0.1731349230,12.00000
"2296",0.1704204827,12.00000
"2297",0.2807806432,12.00000
"2298",0.2320880592,12.00000
"2299",0.2854275703,10.00000
"2300",0.3354868293,9.00000
"2301",0.1018941849,12.00000
"2302",0.2213832438,12.00000
"2303",0.2436384708,10.00000
"2304",0.1217323318,11.00000
"2305",0.1043530703,4.00000
"2306",0.0968547761,4.00000
"2307",0.1004741788,9.00000
"2308",0.0665756837,10.00000
"2309",0.0895187482,8.00000
"2310",0.1336152852,13.00000
"2311",0.2443622947,14.00000
"2312",0.2715038359,12.00000
"2313",0.2975987494,11.00000
"2314",0.3958051801,9.00000
"2315",0.3590235412,9.00000
"2316",0.4318812490,9.00000
"2317",0.2336734682,11.00000
"2318",0.3043986261,12.00000
"2319",0.2165772915,10.00000
"2320",0.1314427406,12.00000
"2321",0.1769340485,12.00000
"2322",0.0948600247,5.00000
"2323",0.1081152037,9.00000
"2324",0.0879223868,6.00000
"2325",0.1166120470,3.00000
"2326",0.1266605556,13.00000
"2327",0.1960510910,14.00000
"2328",0.2614376545,15.00000
"2329",0.1692837626,13.00000
"2330",0.1928918958,11.00000
"2331",0.1735615730,11.00000
"2335",0.1673021466,11.00000
"2336",0.1598458141,11.00000
"2337",0.1217965782,13.00000
"2338",0.3635678589,10.00000
"2339",0.0693902373,7.00000
"2340",0.1441048086,6.00000
"2341",0.1671142131,12.00000
"2342",0.3173367679,12.00000
"2343",0.1568215638,13.00000
"2344",0.2119770944,13.00000
"2345",0.1432544291,12.00000
"2346",0.3932900131,9.00000
"2347",0.1796496362,15.00000
"2348",0.4800760150,9.00000
"2349",0.2450506538,11.00000
"2352",0.2144010067,11.00000
"2353",0.1114782170,7.00000
"2354",0.0794204474,10.00000
"2355",0.1495732516,7.00000
"2356",0.2431408465,12.00000
"2357",0.1513946801,13.00000
"2358",0.4319822490,10.00000
"2359",0.1578556597,13.00000
"2360",0.1957499534,11.00000
"2361",0.1671476066,11.00000
"2362",0.3416330218,11.00000
"2365",0.2301370799,12.00000
"2366",0.1954414100,12.00000
"2367",0.1747611463,11.00000
"2368",0.1562418044,11.00000
"2369",0.1440043300,11.00000
"2370",0.0610944889,13.00000
"2371",0.1179082766,12.00000
"2372",0.1050461531,6.00000
"2373",0.1190589964,3.00000
"2374",0.0872941539,5.00000
"2375",0.1596687138,8.00000
"2376",0.1346858889,6.00000
"2377",0.1610219181,12.00000
"2378",0.1710116565,12.00000
"2379",0.2922024131,12.00000
"2380",0.3833190501,11.00000
"2381",0.1754727364,13.00000
"2382",0.1869144589,13.00000
"2383",0.3232532442,9.00000
"2384",0.2713977694,11.00000
"2385",0.3044140935,11.00000
"2386",0.2029297501,11.00000
"2387",0.2156371027,11.00000
"2388",0.2316437960,10.00000
"2390",0.0599605404,12.00000
"2391",0.2478881925,12.00000
"2392",0.0654749498,11.00000
"2393",0.0916273519,9.00000
"2394",0.2061733007,12.00000
"2395",0.1738863587,13.00000
"2396",0.2627680302,14.00000
"2397",0.1878723502,16.00000
"2398",0.1958729625,12.00000
"2399",0.3326520920,8.00000
"2400",0.1030903533,10.00000
"2401",0.1815140396,11.00000
"2402",0.3075315654,10.00000
"2403",0.0490700305,12.00000
"2404",0.2091791034,12.00000
"2405",0.4108216465,11.00000
"2406",0.4259511530,10.00000
"2407",0.1798100918,11.00000
"2408",0.1176560000,5.00000
"2409",0.1786302477,12.00000
"2410",0.1903588921,13.00000
"2411",0.1432897299,12.00000
"2412",0.1504486352,11.00000
"2413",0.3869597614,11.00000
"2414",0.3695782125,10.00000
"2415",0.1417650282,12.00000
"2416",0.1856396794,11.00000
"2417",0.1710846573,12.00000
"2418",0.1209562719,13.00000
"2419",0.2123389542,12.00000
"2420",0.1123492569,7.00000
"2421",0.1727159321,8.00000
"2422",0.1408029348,6.00000
"2423",0.2003979087,13.00000
"2424",0.1955931485,12.00000
"2425",0.2577913105,12.00000
"2426",0.1506549418,11.00000
"2427",0.3213126957,11.00000
"2428",0.3249984682,11.00000
"2431",0.3258527815,11.00000
"2432",0.1935687065,11.00000
"2433",0.2026648372,11.00000
"2434",0.2071803510,12.00000
"2435",0.1095972732,9.00000
"2436",0.1215654165,5.00000
"2437",0.1061466038,8.00000
"2438",0.1510298997,12.00000
"2439",0.1889642030,14.00000
"2440",0.2595528960,13.00000
"2441",0.3430631161,10.00000
"2443",0.2806366086,11.00000
"2444",0.3386854231,11.00000
"2445",0.1742286235,13.00000
"2446",0.1254215539,13.00000
"2447",0.1224608794,3.00000
"2448",0.0902406722,8.00000
"2449",0.0843208730,8.00000
"2450",0.1554279923,13.00000
"2451",0.1068119183,12.00000
"2452",0.1504402012,12.00000
"2453",0.1679810733,17.00000
"2454",0.3430818617,10.00000
"2455",0.2101713419,12.00000
"2456",0.3152752817,9.00000
"2458",0.1974755824,11.00000
"2459",0.2701537013,11.00000
"2460",0.1604091227,11.00000
"2461",0.1923571080,11.00000
"2462",0.1692386866,11.00000
"2463",0.1368509084,12.00000
"2464",0.1300685108,11.00000
"2465",0.0972729549,4.00000
"2466",0.1770273149,8.00000
"2467",0.2005455345,12.00000
"2468",0.1622438282,12.00000
"2469",0.1366402805,12.00000
"2470",0.3096117675,11.00000
"2471",0.2557227314,11.00000
"2472",0.1321252435,12.00000
"2473",0.2381839454,12.00000
"2475",0.2816497982,11.00000
"2476",0.2073879987,11.00000
"2477",0.1846290827,11.00000
"2478",0.1938436180,11.00000
"2479",0.1272335499,12.00000
"2480",0.1669958085,10.00000
"2481",0.1904382408,12.00000
"2482",0.1574610472,12.00000
"2483",0.1596485078,12.00000
"2484",0.1702914387,13.00000
"2485",0.1743876338,11.00000
"2486",0.2252257913,11.00000
"2487",0.1837099493,11.00000
"2488",0.1735413671,13.00000
"2489",0.1777530015,12.00000
"2490",0.1537381113,11.00000
"2491",0.0586411208,10.00000
"2492",0.1429157257,13.00000
"2493",0.1886095852,12.00000
"2494",0.2156071961,13.00000
"2495",0.1604153514,16.00000
"2496",0.1788105369,14.00000
"2497",0.2707942724,12.00000
"2501",0.2216939479,11.00000
"2502",0.2681017518,12.00000
"2503",0.2365201563,11.00000
"2504",0.1658452451,12.00000
"2505",0.0570180491,11.00000
"2506",0.0503292307,10.00000
"2507",0.2674548626,13.00000
"2508",0.2407025099,11.00000
"2509",0.2374833226,12.00000
"2510",0.1828720421,12.00000
"2511",0.3114937842,11.00000
"2512",0.2152052820,11.00000
"2513",0.1757374704,11.00000
"2514",0.1803866923,12.00000
"2515",0.1598778963,13.00000
"2516",0.1452650279,13.00000
"2517",0.2204123139,12.00000
"2518",0.1288871318,5.00000
"2519",0.1664810926,13.00000
"2520",0.1393060535,12.00000
"2521",0.2033725977,15.00000
"2522",0.2869743407,11.00000
"2523",0.3691079616,11.00000
"2526",0.2355744839,12.00000
"2527",0.2190718502,11.00000
"2528",0.3019834459,11.00000
"2529",0.2653783262,11.00000
"2530",0.1227109060,12.00000
"2531",0.2381618917,12.00000
"2532",0.2837460935,5.00000
"2533",0.1768214554,11.00000
"2534",0.1603990793,12.00000
"2535",0.2285438776,13.00000
"2536",0.1925462186,14.00000
"2537",0.2115342170,12.00000
"2538",0.2303183824,12.00000
"2541",0.1833492219,12.00000
"2542",0.1792764664,11.00000
"2543",0.1841769665,12.00000
"2544",0.1192834750,13.00000
"2545",0.1337622106,13.00000
"2546",0.1368680596,13.00000
"2547",0.1301861554,13.00000
"2548",0.1402142793,12.00000
"2549",0.1855050623,6.00000
"2550",0.1387077868,12.00000
"2551",0.1049402878,12.00000
"2552",0.1480671465,11.00000
"2553",0.2584925294,12.00000
"2554",0.1546649635,11.00000
"2555",0.1947228163,13.00000
"2556",0.2241457403,11.00000
"2557",0.3541888893,11.00000
"2558",0.4550561905,10.00000
"2560",0.2446316779,11.00000
"2561",0.1315626055,12.00000
"2562",0.1685693115,12.00000
"2563",0.1633625925,12.00000
"2564",0.0629482940,11.00000
"2565",0.1456044018,12.00000
"2566",0.1541274786,13.00000
"2567",0.1602078676,12.00000
"2568",0.1478095353,11.00000
"2569",0.2021339238,12.00000
"2570",0.4136139751,10.00000
"2572",0.1827673614,11.00000
"2573",0.1278989166,12.00000
"2574",0.3040584624,11.00000
"2575",0.2229455710,13.00000
"2580",0.1438372284,11.00000
"2581",0.2513025999,11.00000
"2582",0.1423484236,12.00000
"2583",0.1625609398,12.00000
"2584",0.1432466209,12.00000
"2585",0.1298158169,12.00000
"2586",0.1126700491,11.00000
"2587",0.1518577188,11.00000
"2588",0.2308471948,10.00000
"2589",0.1715288907,12.00000
"2590",0.1873170137,13.00000
"2591",0.1001768783,12.00000
"2592",0.1519779563,9.00000
"2593",0.1811832190,12.00000
"2594",0.2644759715,10.00000
"2597",0.2048519403,13.00000
"2598",0.0837606862,11.00000
"2599",0.3789775074,11.00000
"2600",0.1872982979,11.00000
"2601",0.1829134673,9.00000
"2602",0.0771849006,12.00000
"2603",0.0787467286,12.00000
"2604",0.2186721116,11.00000
"2605",0.3273092508,12.00000
"2606",0.1186680570,12.00000
"2607",0.4346577823,10.00000
"2608",0.4352839887,9.00000
"2609",0.2843373418,10.00000
"2611",0.4696938694,11.00000
"2612",0.1597152203,12.00000
"2613",0.1667978764,10.00000
"2614",0.1566258371,11.00000
"2615",0.2351803929,12.00000
"2616",0.1581950039,12.00000
"2617",0.3521627188,12.00000
"2618",0.1639620215,10.00000
"2619",0.2477196157,12.00000
"2620",0.3590820730,10.00000
"2622",0.1627301872,12.00000
"2623",0.2571269572,10.00000
"2624",0.2097847462,11.00000
"2625",0.1717908382,11.00000
"2626",0.2075444162,11.00000
"2627",0.2389134616,12.00000
"2628",0.1376886219,13.00000
"2629",0.1368997097,11.00000
"2630",0.1288587451,11.00000
"2631",0.1396637410,11.00000
"2632",0.1284173131,12.00000
"2633",0.1896462292,13.00000
"2635",0.2540402412,11.00000
"2636",0.2388148010,12.00000
"2637",0.1652859300,12.00000
"2638",0.1604062617,12.00000
"2639",0.1651602835,11.00000
"2640",0.1450223625,10.00000
"2641",0.1359082758,10.00000
"2642",0.1300041228,11.00000
"2643",0.2098513395,11.00000
"2644",0.0742875412,13.00000
"2645",0.1661637127,12.00000
"2646",0.1843385398,12.00000
"2647",0.3832808733,11.00000
"2648",0.1245224774,12.00000
"2651",0.1100766286,12.00000
"2652",0.1054132879,12.00000
"2653",0.1105064005,10.00000
"2654",0.2035511285,11.00000
"2655",0.1744383425,12.00000
"2656",0.1566687822,12.00000
"2657",0.1322138905,11.00000
"2658",0.1552031040,12.00000
"2659",0.1489685327,12.00000
"2660",0.1479940414,13.00000
"2661",0.3215168416,11.00000
"2662",0.3461783230,11.00000
"2663",0.1206935570,12.00000
"2664",0.2999047637,11.00000
"2666",0.2838917673,11.00000
"2667",0.1436043531,12.00000
"2668",0.2179351449,12.00000
"2669",0.1347640008,9.00000
"2670",0.2780499756,12.00000
"2671",0.2315288931,13.00000
"2672",0.1533122212,12.00000
"2673",0.3385462463,12.00000
"2676",0.2440684736,12.00000
"2677",0.1471499056,12.00000
"2678",0.1754463464,11.00000
"2679",0.1403835416,12.00000
"2680",0.1744478047,12.00000
"2681",0.1942731440,13.00000
"2682",0.1685153842,12.00000
"2683",0.1671468765,10.00000
"2684",0.1953881979,13.00000
"2685",0.2009882778,12.00000
"2686",0.4038573802,10.00000
"2689",0.2460619211,11.00000
"2690",0.1796546876,12.00000
"2691",0.1568135768,11.00000
"2692",0.1061646640,11.00000
"2693",0.1420633197,12.00000
"2694",0.4082499445,11.00000
"2695",0.2481681109,12.00000
"2696",0.2439032048,13.00000
"2697",0.1540249437,13.00000
"2698",0.1655666679,12.00000
"2699",0.1306528747,11.00000
"2700",0.1372436881,9.00000
"2701",0.2311780304,13.00000
"2703",0.2544551790,11.00000
"2704",0.1627524495,12.00000
"2705",0.0569088273,11.00000
"2706",0.1382664889,10.00000
"2707",0.1383074671,11.00000
"2708",0.1635195315,11.00000
"2709",0.1754035354,11.00000
"2710",0.1366536617,12.00000
"2711",0.1986892372,13.00000
"2712",0.1246734187,12.00000
"2713",0.1528664678,9.00000
"2714",0.4235493839,10.00000
"2715",0.4281244874,10.00000
"2718",0.0861307532,7.00000
"2719",0.1793130934,12.00000
"2720",0.1561654359,12.00000
"2721",0.1547561139,12.00000
"2722",0.2650007904,12.00000
"2723",0.1798621267,12.00000
"2724",0.0759738460,12.00000
"2725",0.1534477323,10.00000
"2726",0.1022908091,13.00000
"2727",0.1718755215,14.00000
"2728",0.3598185182,11.00000
"2729",0.1120796204,10.00000
"2730",0.2896409035,10.00000
"2733",0.2350035310,12.00000
"2734",0.1340773553,12.00000
"2735",0.1382965446,9.00000
"2736",0.1360887438,12.00000
"2737",0.1950350702,12.00000
"2738",0.1947637498,13.00000
"2739",0.2207207233,13.00000
"2740",0.1308431178,11.00000
"2741",0.4024049938,11.00000
"2742",0.3794489801,10.00000
"2743",0.2946153581,11.00000
"2748",0.0338727459,10.00000
"2749",0.1446908116,7.00000
"2750",0.1977152079,12.00000
"2751",0.1006492227,10.00000
"2752",0.1599581093,12.00000
"2753",0.1851000041,13.00000
"2754",0.1543331444,12.00000
"2755",0.3698759973,10.00000
"2757",0.0916555747,8.00000
"2758",0.2208647579,12.00000
"2759",0.1915269196,12.00000
"2760",0.1951808780,12.00000
"2761",0.1310257167,11.00000
"2762",0.1658814400,12.00000
"2763",0.1892957389,13.00000
"2764",0.1397849470,11.00000
"2765",0.1952599883,13.00000
"2766",0.2441122830,12.00000
"2767",0.1914291382,13.00000
"2768",0.4257979989,10.00000
"2769",0.1426968276,10.00000
"2770",0.3477044106,10.00000
"2771",0.3358594775,10.00000
"2776",0.1530169249,8.00000
"2777",0.2273093462,12.00000
"2778",0.1538219601,12.00000
"2779",0.1482157558,12.00000
"2780",0.1666007936,11.00000
"2781",0.1862356365,12.00000
"2782",0.1867225468,10.00000
"2783",0.4580909610,10.00000
"2787",0.0557155162,9.00000
"2788",0.1828104556,11.00000
"2789",0.1799911857,11.00000
"2790",0.2393474728,13.00000
"2791",0.1049610078,12.00000
"2792",0.3799899519,9.00000
"2795",0.0581359565,10.00000
"2796",0.0329206362,11.00000
"2797",0.0680458322,10.00000
"2798",0.1443904042,9.00000
"2799",0.2128446847,12.00000
"2800",0.2189669460,12.00000
"2801",0.1825661063,11.00000
"2802",0.1303923428,11.00000
"2803",0.1733192354,13.00000
"2804",0.1922372729,13.00000
"2805",0.4577009380,10.00000
"2806",0.3313621879,10.00000
"2809",0.0292023532,11.00000
"2810",0.1719514132,12.00000
"2811",0.1195609570,13.00000
"2812",0.1886306405,12.00000
"2813",0.1967024952,11.00000
"2814",0.1898717433,12.00000
"2815",0.1065147445,12.00000
"2816",0.1441029459,12.00000
"2817",0.2976353764,13.00000
"2818",0.3915686309,11.00000
"2819",0.3555110097,9.00000
"2820",0.3851448595,10.00000
"2825",0.0538467988,11.00000
"2826",0.2005672455,12.00000
"2827",0.2468514592,12.00000
"2828",0.0817613676,12.00000
"2829",0.1372092217,12.00000
"2830",0.1359061450,12.00000
"2831",0.2157661021,13.00000
"2832",0.1278975606,6.00000
"2833",0.2588042021,12.00000
"2837",0.0310923383,14.00000
"2838",0.2343843132,12.00000
"2839",0.1534286290,12.00000
"2840",0.1533389092,10.00000
"2841",0.1090790033,9.00000
"2842",0.3813350797,10.00000
"2846",0.0697315484,11.00000
"2847",0.1293090433,12.00000
"2848",0.1443498731,12.00000
"2849",0.1306700558,12.00000
"2850",0.1606379300,12.00000
"2851",0.1114058346,13.00000
"2852",0.1198290959,9.00000
"2853",0.3923573196,10.00000
"2858",0.1810304225,11.00000
"2859",0.0488526449,11.00000
"2860",0.0771487057,11.00000
"2861",0.2377684116,12.00000
"2862",0.2519747615,11.00000
"2863",0.1543805748,12.00000
"2864",0.1539212763,11.00000
"2865",0.1150833145,13.00000
"2866",0.0922142491,12.00000
"2867",0.2685225308,12.00000
"2868",0.2386089563,12.00000
"2869",0.3360166252,11.00000
"2870",0.4515376091,9.00000
"2873",0.0624004863,11.00000
"2874",0.2865144610,12.00000
"2875",0.1653563827,12.00000
"2876",0.1545843482,13.00000
"2877",0.1676526368,10.00000
"2878",0.2814620733,12.00000
"2879",0.1588919461,12.00000
"2880",0.1753416061,13.00000
"2881",0.1571499705,13.00000
"2882",0.2044863105,12.00000
"2883",0.1387533099,4.00000
"2884",0.3764623106,11.00000
"2885",0.2382259071,12.00000
"2889",0.1569859684,12.00000
"2890",0.0978360400,13.00000
"2891",0.1132940799,9.00000
"2892",0.1449990422,11.00000
"2893",0.1364129186,12.00000
"2894",0.1250611693,12.00000
"2895",0.1466954947,12.00000
"2896",0.1681550294,12.00000
"2897",0.1919642836,13.00000
"2898",0.2391595841,13.00000
"2899",0.1395467669,4.00000
"2900",0.2601171136,13.00000
"2902",0.2691248655,12.00000
"2903",0.2970966399,12.00000
"2904",0.1670346707,13.00000
"2905",0.1310106069,9.00000
"2906",0.1501959860,10.00000
"2907",0.1453841925,11.00000
"2908",0.1358942389,11.00000
"2909",0.1404298097,12.00000
"2910",0.1246849596,12.00000
"2911",0.1454374343,12.00000
"2912",0.1308236420,5.00000
"2913",0.2982177436,11.00000
"2914",0.3139812648,12.00000
"2920",0.0907914490,13.00000
"2921",0.1102822721,12.00000
"2922",0.1531812698,12.00000
"2923",0.1155881584,11.00000
"2924",0.1236839071,9.00000
"2925",0.1720472872,11.00000
"2926",0.2059953213,11.00000
"2927",0.1655887365,12.00000
"2928",0.1540999711,12.00000
"2932",0.1148044244,12.00000
"2933",0.1750599593,11.00000
"2934",0.3350695372,12.00000
"2935",0.3206139207,12.00000
"2936",0.2436629981,12.00000
"2937",0.2488187998,12.00000
"2938",0.2092571259,12.00000
"2939",0.1469054222,12.00000
"2940",0.1335116178,11.00000
"2941",0.1761632264,10.00000
"2942",0.1687891483,11.00000
"2943",0.1760179102,12.00000
"2944",0.1835590899,12.00000
"2945",0.1535623968,12.00000
"2946",0.0238549616,10.00000
"2947",0.2222715318,10.00000
"2950",0.1387946606,13.00000
"2951",0.1536305845,11.00000
"2952",0.1601779014,12.00000
"2953",0.1783783734,13.00000
"2954",0.2121888250,13.00000
"2955",0.2776012719,11.00000
"2956",0.2361492664,13.00000
"2958",0.2078137249,12.00000
"2959",0.1429083943,13.00000
"2960",0.1582759470,12.00000
"2961",0.2082312554,12.00000
"2962",0.2132244557,13.00000
"2963",0.1880955845,12.00000
"2964",0.3478578627,11.00000
"2965",0.2640878558,12.00000
"2966",0.2873449326,13.00000
"2971",0.2812623084,12.00000
"2972",0.1980266422,11.00000
"2973",0.2080460191,12.00000
"2974",0.1529908478,13.00000
"2975",0.0982768238,10.00000
"2976",0.2388360500,8.00000
"2977",0.3545598090,11.00000
"2978",0.3079348803,11.00000
"2979",0.3504669666,11.00000
"2986",0.3492120504,12.00000
"2987",0.1521085203,12.00000
"2988",0.1283655912,11.00000
"2989",0.1852488220,11.00000
"2990",0.1918602884,12.00000
"2991",0.1490792483,12.00000
"2992",0.3658434451,11.00000
"2993",0.2979588807,11.00000
"3001",0.1914775073,12.00000
"3002",0.1897655874,12.00000
"3003",0.1590999365,11.00000
"3004",0.2099878341,12.00000
"3005",0.1961516589,12.00000
"3006",0.3605374396,10.00000
"3013",0.1427718103,12.00000
"3014",0.2048600614,12.00000
"3015",0.1431859434,8.00000
"3016",0.1982339919,10.00000
"3017",0.2614572346,11.00000
"3020",0.1807243228,11.00000
"3021",0.1279562116,12.00000
"3022",0.2885778844,12.00000
"3023",0.2306992263,12.00000
"3024",0.2479540408,12.00000
"3025",0.1747852713,12.00000
"3026",0.3250068426,11.00000
"3030",0.1180041432,12.00000
"3031",0.3269660473,11.00000
"3032",0.1879346073,12.00000
"3033",0.1579224765,12.00000
"3034",0.1286454052,12.00000
"3035",0.1305840910,12.00000
"3036",0.0875370950,10.00000
"3037",0.1484653652,9.00000
"3038",0.1593137980,11.00000
"3039",0.2790386379,12.00000
"3040",0.1461635977,13.00000
"3041",0.2816540599,12.00000
"3042",0.2584813237,12.00000
"3043",0.1906477809,12.00000
"3044",0.1119073629,11.00000
"3045",0.2679120302,10.00000
"3049",0.1525191367,12.00000
"3050",0.2151237130,13.00000
"3051",0.1710474342,12.00000
"3052",0.1345249265,8.00000
"3053",0.1446765065,9.00000
"3054",0.1757318526,12.00000
"3055",0.2207301706,12.00000
"3056",0.3460452855,10.00000
"3062",0.1157866418,12.00000
"3063",0.1646373421,12.00000
"3064",0.1523150206,10.00000
"3065",0.1445408464,10.00000
"3066",0.2769770324,12.00000
"3067",0.2784258723,10.00000
"3072",0.1706075221,12.00000
"3073",0.1492747068,12.00000
"3074",0.1781342477,11.00000
"3075",0.1190893725,12.00000
"3076",0.2266582698,13.00000
"3077",0.1573589146,12.00000
"3083",0.0789374411,11.00000
"3084",0.1726219207,12.00000
"3085",0.2386883199,12.00000
"3086",0.2245973349,12.00000
"3087",0.1570750773,11.00000
"3088",0.2200594395,12.00000
"3089",0.1530624628,12.00000
"3090",0.1674194187,13.00000
"3091",0.1473733932,12.00000
"3092",0.1934618950,9.00000
"3093",0.4690097868,9.00000
"3098",0.1418429762,12.00000
"3099",0.1048139557,12.00000
"3100",0.2103876323,11.00000
"3101",0.3663836718,11.00000
"3102",0.1391748786,6.00000
"3103",0.1274185479,8.00000
"3104",0.1836734712,11.00000
"3105",0.1800431013,12.00000
"3106",0.1992990673,12.00000
"3107",0.1389660686,12.00000
"3108",0.1267359853,13.00000
"3109",0.1521295756,12.00000
"3110",0.2023280263,12.00000
"3111",0.2002480328,11.00000
"3112",0.1598310769,11.00000
"3113",0.2113276124,8.00000
"3114",0.2361069471,8.00000
"3117",0.0725383908,12.00000
"3118",0.3530366123,11.00000
"3119",0.1693584472,11.00000
"3120",0.1738345921,13.00000
"3121",0.1502364427,11.00000
"3122",0.1252751499,10.00000
"3123",0.4028927982,8.00000
"3129",0.2001123279,12.00000
"3130",0.2658400536,12.00000
"3131",0.4463740587,9.00000
"3132",0.2224299014,11.00000
"3133",0.1508593261,8.00000
"3134",0.1792212278,10.00000
"3135",0.3434615135,10.00000
"3136",0.1436946541,12.00000
"3137",0.1324556917,12.00000
"3138",0.1213613153,12.00000
"3139",0.2330639064,8.00000
"3140",0.3245221078,9.00000
"3141",0.3755023181,8.00000
"3144",0.2145371735,13.00000
"3145",0.4263849258,9.00000
"3146",0.1856580079,7.00000
"3147",0.1754303724,12.00000
"3148",0.1320754737,12.00000
"3149",0.2507888675,12.00000
"3150",0.1466197372,9.00000
"3155",0.1698065102,12.00000
"3156",0.2639324963,12.00000
"3157",0.1369249225,9.00000
"3158",0.3270406425,11.00000
"3159",0.1670818180,12.00000
"3160",0.2684769034,12.00000
"3161",0.2907069623,11.00000
"3162",0.3677001000,10.00000
"3163",0.2733876109,13.00000
"3164",0.1710877269,13.00000
"3165",0.0987509787,12.00000
"3166",0.1832429916,10.00000
"3167",0.3397296071,8.00000
"3171",0.4681793153,10.00000
"3172",0.4794232249,10.00000
"3173",0.1427372843,8.00000
"3174",0.1972206682,11.00000
"3175",0.4157629311,7.00000
"3176",0.4223482609,7.00000
"3182",0.1775393784,12.00000
"3183",0.0566015877,12.00000
"3192",0.3655228615,11.00000
"3193",0.1230475530,7.00000
"3194",0.3242453635,11.00000
"3195",0.3781470060,10.00000
"3196",0.4356788993,10.00000
"3197",0.1942217201,13.00000
"3198",0.1567629129,13.00000
"3199",0.1852613091,12.00000
"3200",0.0908709988,12.00000
"3206",0.1031765565,13.00000
"3207",0.1789161116,10.00000
"3208",0.2078742683,11.00000
"3209",0.1596113592,12.00000
"3210",0.1757587194,12.00000
"3211",0.1871222109,13.00000
"3212",0.1598640531,13.00000
"3213",0.1513057053,12.00000
"3214",0.3461233676,10.00000
"3219",0.2611547113,12.00000
"3220",0.1090406925,6.00000
"3221",0.1172016263,7.00000
"3222",0.3198441863,10.00000
"3223",0.1451554596,12.00000
"3224",0.1412569583,12.00000
"3225",0.1357169598,12.00000
"3226",0.2676843703,11.00000
"3227",0.1970090717,11.00000
"3228",0.2343873382,11.00000
"3229",0.3472896814,10.00000
"3236",0.2072435915,12.00000
"3237",0.3171800673,12.00000
"3238",0.1140096039,6.00000
"3239",0.2515850365,10.00000
"3240",0.3671816885,10.00000
"3241",0.1552445889,13.00000
"3242",0.1671929658,10.00000
"3243",0.1834912598,10.00000
"3249",0.4728849530,9.00000
"3250",0.4790916145,9.00000
"3251",0.4550895989,9.00000
"3252",0.4575565159,8.00000
"3253",0.2231409848,11.00000
"3254",0.2411197573,11.00000
"3255",0.1271797270,11.00000
"3256",0.3925439417,10.00000
"3257",0.2937458754,11.00000
"3258",0.1092061326,13.00000
"3259",0.1777883172,13.00000
"3271",0.2988198101,11.00000
"3272",0.1663419902,12.00000
"3273",0.1488239914,13.00000
"3274",0.1645153910,11.00000
"3275",0.1556645334,9.00000
"3276",0.2538471222,11.00000
"3280",0.4664796889,8.00000
"3281",0.1256089509,11.00000
"3282",0.1487162113,8.00000
"3283",0.2671119869,11.00000
"3289",0.2552579045,10.00000
"3290",0.1919131726,10.00000
"3291",0.1368186325,6.00000
"3292",0.1263427287,3.00000
"3293",0.4238778651,9.00000
"3294",0.4367707670,9.00000
"3295",0.1810858399,12.00000
"3296",0.1578654945,8.00000
"3297",0.2755061388,11.00000
"3298",0.3013635576,10.00000
"3305",0.4497904480,8.00000
"3306",0.1978825778,11.00000
"3307",0.1228680536,10.00000
"3308",0.1269686818,7.00000
"3309",0.4137305915,9.00000
"3310",0.5705003738,11.00000
"3318",0.1503321528,10.00000
"3319",0.0939307809,9.00000
"3320",0.1525727063,2.00000
"3321",0.1768958569,5.00000
"3322",0.2341432422,12.00000
"3323",0.1283326745,12.00000
"3324",0.1572115719,8.00000
"3325",0.1547943503,8.00000
"3326",0.2132408321,7.00000
"3327",0.3885521591,10.00000
"3336",0.1495590508,9.00000
"3337",0.2000322491,9.00000
"3338",0.1450279057,12.00000
"3339",0.1963051259,11.00000
"3340",0.1408442855,10.00000
"3349",0.1859554797,9.00000
"3350",0.3325916231,11.00000
"3351",0.2306938618,8.00000
"3352",0.2931134105,10.00000
"3362",0.4168735445,8.00000
"3363",0.1326052994,9.00000
"3364",0.1756674349,11.00000
"3365",0.3429305553,7.00000
"3366",0.2538008690,6.00000
"3367",0.1010752693,9.00000
"3371",0.3751569092,9.00000
"3372",0.1692002416,9.00000
"3373",0.1179265678,9.00000
"3374",0.1362659186,7.00000
"3375",0.1402697563,7.00000
"3376",0.4608146250,9.00000
"3377",0.3363553286,10.00000
"3384",0.1164698824,10.00000
"3385",0.2109822929,6.00000
"3386",0.1844018102,12.00000
"3387",0.1720275879,10.00000
"3388",0.1866046786,10.00000
"3389",0.2729174793,7.00000
"3390",0.3642909825,6.00000
"3391",0.4061765671,10.00000
"3398",0.3558817506,8.00000
"3399",0.2575740814,8.00000
"3400",0.4688488245,9.00000
"3401",0.4111647904,9.00000
"3402",0.2015458643,11.00000
"3403",0.2534258962,8.00000
"3404",0.2628953755,12.00000
"3415",0.1421855688,8.00000
"3416",0.2828086913,10.00000
"3417",0.3799822926,10.00000
"3418",0.2325066179,12.00000
"3419",0.3234987259,12.00000
"3420",0.1535340995,9.00000
"3421",0.2403613478,12.00000
"3429",0.5414604545,8.00000
"3430",0.4101600945,9.00000
"3431",0.3885350227,10.00000
"3432",0.2030771971,10.00000
"3433",0.2740863264,8.00000
"3437",0.2077201009,9.00000
"3438",0.2985403538,7.00000
"3445",0.1782926917,8.00000
"3446",0.4421039522,7.00000
"3447",0.3747625649,11.00000
"3448",0.2425525337,10.00000
"3449",0.3934706151,8.00000
"3450",0.4850089252,8.00000
"3451",0.3656042516,7.00000
"3452",0.2286151499,13.00000
"3463",0.3155849278,7.00000
"3464",0.4140253067,8.00000
"3465",0.2946390808,10.00000
"3466",0.3127555847,11.00000
"3467",0.3825521767,9.00000
"3468",0.2799473703,13.00000
"3469",0.2919967473,12.00000
"3473",0.2060373723,6.00000
"3474",0.1615815908,5.00000
"3475",0.2524815798,5.00000
"3476",0.2722954750,6.00000
"3477",0.3751176298,8.00000
"3478",0.5231154561,8.00000
"3479",0.5027531385,8.00000
"3490",0.2177007645,4.00000
"3491",0.1346358955,6.00000
"3492",-0.0366157964,6.00000
"3493",0.3392603397,10.00000
"3494",0.3464528024,8.00000
"3502",0.1455261707,3.00000
"3503",0.2363130152,7.00000
"3504",0.2997734249,8.00000
"3505",0.3263886571,11.00000
"3506",-0.0191546418,7.00000
"3507",0.1852832288,9.00000
"3516",0.1741288006,5.00000
"3517",0.1264920533,4.00000
"3518",0.1199451387,5.00000
"3519",0.4245841205,11.00000
"3520",-0.0341787599,6.00000
"3521",0.2143810391,7.00000
"3531",0.1184814572,4.00000
"3532",0.3243749142,11.00000
"3538",0.1869364530,8.00000
"3539",0.2354655564,8.00000
"3540",0.3083890378,9.00000
"3541",0.3096522093,8.00000
"3542",0.0320978910,6.00000
"3543",0.3911213875,8.00000
"3544",0.3417288065,12.00000
"3550",0.1210500896,4.00000
"3551",0.3670615852,11.00000
"3552",0.1839154959,8.00000
"3553",0.2621774971,8.00000
"3554",0.3521347642,11.00000
"3563",0.1953420937,7.00000
"3564",0.1863808334,3.00000
"3565",0.3132199645,11.00000
"3573",0.1169005558,5.00000
"3574",0.3320295811,11.00000
"3575",-0.0254328996,7.00000
"3576",0.2098803371,7.00000
"3577",0.3017316461,12.00000
"3587",0.1003600881,5.00000
"3588",0.3606527150,8.00000
"3589",0.3849923313,10.00000
"3590",0.3139186204,8.00000
"3591",0.2111702114,7.00000
"3592",0.2260532230,7.00000
"3593",0.3050905466,12.00000
"3598",0.0918462276,2.00000
"3599",-0.0397165008,6.00000
"3600",0.1907269061,8.00000
"3601",0.2160038650,6.00000
"3603",0.3127796650,12.00000
"3604",0.3198898435,10.00000
"3611",0.0995732024,1.00000
"3612",0.0842799991,1.00000
"3613",0.2860746682,7.00000
"3614",0.2312026769,6.00000
"3615",0.2710313499,8.00000
"3616",0.2368582934,12.00000
"3627",0.2562933862,8.00000
"3628",0.2553322017,8.00000
"3629",0.1736778915,6.00000
"3630",0.2926363349,11.00000
"3631",0.3140454888,11.00000
"3632",0.1794208735,6.00000
"3634",0.3073470294,10.00000
"3645",0.1759336144,8.00000
"3646",0.1561386287,3.00000
"3647",0.3751451671,11.00000
"3648",0.3275941014,9.00000
"3649",0.4641306698,8.00000
"3650",0.1974333972,8.00000
"3651",0.1777819842,7.00000
"3652",0.1925259978,7.00000
"3653",0.2340458482,6.00000
"3654",0.2814449668,8.00000
"3656",0.4145989716,9.00000
"3665",0.2742410004,8.00000
"3666",0.1398479492,6.00000
"3667",0.2064852715,8.00000
"3668",0.2343447805,7.00000
"3669",0.2174695879,5.00000
"3670",0.2130843401,6.00000
"3673",0.3187102079,10.00000
"3680",0.3912653923,7.00000
"3681",0.1646594405,4.00000
"3682",0.1337978840,5.00000
"3683",0.1445382535,7.00000
"3684",0.1998825371,7.00000
"3693",0.3220886290,9.00000
"3694",0.2548128366,10.00000
"3695",0.2388317585,8.00000
"3696",0.2820046544,6.00000
"3712",0.1642326415,7.00000
"3713",0.1335790455,1.00000
"3714",0.3022690713,9.00000
"3715",0.2098378092,7.00000
"3726",0.1230186000,2.00000
"3727",0.3490051925,7.00000
"3740",0.1631173938,4.00000
"3747",0.1546117365,9.00000
"3748",0.1403313428,4.00000
"3749",0.1912514120,8.00000
"3750",0.2738991082,6.00000
"3751",0.2043805569,7.00000
"3752",0.1926977634,6.00000
"3766",0.1940286756,5.00000
"3767",0.2640546262,5.00000
"3778",0.1278645247,3.00000
"3779",0.3509300947,8.00000
"3780",0.1738413274,7.00000
"3786",0.1552225053,10.00000
"3787",0.1900340170,9.00000
"3788",-0.0349427126,7.00000
"3789",0.1270871609,3.00000
"3799",0.1338065565,5.00000
"3800",0.1524794847,8.00000
"3801",0.1228150576,6.00000
"3814",-0.0511531308,7.00000
"3815",0.2030908614,8.00000
"3816",0.1638456136,3.00000
"3829",0.1434103101,6.00000
"3830",-0.0196223613,7.00000
"3831",0.2272593826,8.00000
"3832",0.5299906731,7.00000
"3845",0.2802871764,9.00000
"3846",0.2232585847,8.00000
"3847",0.2223249823,6.00000
"3848",0.3636336029,4.00000
"3849",0.4623129070,5.00000
"3862",0.2363636345,5.00000
"3874",0.3087354302,7.00000
"3875",0.2583063245,5.00000
"3876",0.4474887252,4.00000
"3877",0.4765627384,4.00000
"3878",0.4485174715,8.00000
"3892",0.0302315615,7.00000
"3893",0.0840443894,6.00000
"3894",0.1967493296,9.00000
"3895",0.4530989528,8.00000
"3903",0.1782994270,2.00000
"3904",0.1389453560,2.00000
"3916",0.2273387462,8.00000
"3917",0.3151630461,8.00000
"3930",0.1097067520,2.00000
"3931",0.2288403809,9.00000
"3932",0.3252236247,6.00000
"3945",0.1531584710,6.00000
"3946",-0.0508296937,6.00000
"3962",0.1709164679,7.00000
"3963",-0.0348270126,6.00000
"3964",-0.0509341918,7.00000
"3965",0.3017058671,9.00000
"3978",0.1759810895,7.00000
"3979",0.1491940618,6.00000
"3980",0.4127748012,5.00000
"3981",0.2824517489,8.00000
"3990",0.3815793991,5.00000
"4008",0.3015956283,8.00000
"4009",0.5045795441,8.00000
"4010",0.5106773377,8.00000
"4020",0.2758863568,6.00000
"4033",0.2161350101,6.00000
"4050",0.3699041307,9.00000
"4051",0.4035274088,8.00000
"4079",0.3991926312,8.00000
"4089",0.1903653741,8.00000
"4090",0.2718835175,7.00000
"4104",0.2746080160,10.00000
"4105",0.3722059131,8.00000
"4111",0.3303897679,8.00000
"4112",0.2979560196,7.00000
"4127",0.3201349974,9.00000
"4172",0.2328071594,8.00000
"4196",0.3126679957,9.00000
